Kelurahan(village_id),Kecamatan(district_id),Kabupaten/Kota(region_id),Alokasi Unit(unit_count),Tahun(year_given),Status,Latitude,Longitude
1203202036,120320,1203,10,2025,Selesai,1.5167050403142495,99.16664798620452
1201132006,120320,1203,10,2025,Selesai,1.5978317515969158,99.28030584647558
1203032008,120320,1203,10,2025,Selesai,1.4902693569964154,99.11895553532365
1203202034,120320,1203,10,2025,Selesai,1.5255969098295838,99.15822610555627
1203042060,120304,1203,10,2025,Selesai,1.6041056779107654,99.29363660710722
1202052002,127706,1277,11,2025,Selesai,1.4625567281827179,99.26335369960111
1277032005,127703,1277,18,2025,Selesai,1.4017035050080835,99.3005129541393
1205042014,120504,1205,10,2025,Selesai,3.425691414768961,98.4919237164834
1205042015,120504,1205,10,2025,Selesai,3.365480772955799,98.48768066878638
1205042003,120504,1205,10,2025,Selesai,3.424260749288357,98.43379243913056
1205012006,120501,1205,10,2025,Selesai,3.542959838597214,98.22579160226147
1208212011,120821,1208,10,2025,Selesai,3.109677239257562,99.23377908402536
1208042017,120804,1208,24,2025,Selesai,2.9118419123477586,98.98957736129088
1208092004,120809,1208,26,2025,Selesai,2.8653845565424447,98.97466700742557
1216012021,121601,1216,10,2025,Selesai,2.3174822524614775,98.50810983338845
1216012020,121601,1216,10,2025,Selesai,2.3190318680411375,98.45682926924678
1216012019,121601,1216,10,2025,Selesai,2.259576721438796,98.57232442266694
1216012005,121601,1216,10,2025,Selesai,2.449652450405802,98.39807605543189
1216012006,121601,1216,10,2025,Selesai,2.4110102387123855,98.4103673161501
1216062015,121606,1216,10,2025,Selesai,2.197486103931073,98.7759979416703
1216062028,121606,1216,10,2025,Selesai,2.2087216439760624,98.73082909251626
1216082012,121608,1216,11,2025,Selesai,2.043705816358231,98.6415672348796
1216082009,121608,1216,10,2025,Selesai,2.209034641769995,98.62965219199289
1208062013,121609,1216,10,2025,Selesai,2.180848274866715,98.3258072837889
1216092016,121609,1216,10,2025,Selesai,2.1062292835643457,98.52792408708379
1216092014,121609,1216,10,2025,Selesai,2.2139137516426555,98.58627720269587
1216092012,121609,1216,10,2025,Selesai,2.1747638716921243,98.42490096082699
1203072005,121602,1216,10,2025,Selesai,2.2873536811317274,98.64006602428285
1216102009,121610,1216,10,2025,Selesai,2.2269473230938006,98.49913299993234
1216102004,121610,1216,10,2025,Selesai,2.2957142669760615,98.35019939830518
1216102001,121610,1216,9,2025,Selesai,2.2624444864539117,98.37327505349965
1216052020,121605,1216,20,2025,Selesai,2.2411847257822997,98.92584873934344
1216052021,121605,1216,10,2025,Selesai,2.265812695065727,98.90833123925394
1218022031,121803,1218,20,2025,Selesai,3.550865132594634,99.04659762189144
1218032004,121803,1218,41,2025,Selesai,3.560262138527762,99.09020439615743
1218012006,121801,1218,10,2025,Selesai,3.627473804143328,99.01443762318077
1218012004,121801,1218,13,2025,Selesai,3.622065569932131,98.95207888027022
1218012003,121801,1218,10,2025,Selesai,3.6556490697998787,98.95813842788172
1218022025,121802,1218,11,2025,Selesai,3.5982190071361324,99.02870671307119
1218022020,121802,1218,16,2025,Selesai,3.5210185101592937,98.96909711880181
1209312002,120931,1209,10,2025,Selesai,2.8100047610254717,99.66278278203345
1209201004,120920,1209,10,2025,Selesai,2.955056742498862,99.65040686648523
1209201002,120920,1209,10,2025,Selesai,2.987902051953309,99.67136901526474
1209232009,120923,1209,10,2025,Selesai,2.9743139984584395,99.67499128135918
1217072005,121707,1217,10,2025,Selesai,2.618702062190821,98.7979123394041
1217072008,121707,1217,10,2025,Selesai,2.6248232353170806,98.79235180292602
1217032013,121703,1217,10,2025,Selesai,2.5168654964013486,98.86897339189275
1217032005,121703,1217,10,2025,Selesai,2.5012278423765246,98.8824813294427
1217082023,121708,1217,6,2025,Selesai,2.649687279971363,98.72912193924941
1217082017,121708,1217,5,2025,Selesai,2.68891192429207,98.70230137787556
1203072005,121708,1217,4,2025,Selesai,2.637850467875495,98.73193068359095
1217082003,121708,1217,5,2025,Selesai,2.6838831881094625,98.73565179599363
1217081028,121708,1217,10,2025,Selesai,2.614285275725962,98.67200447566718
1217092002,121709,1217,10,2025,Selesai,2.383031687059,98.8109626028091
1201182004,121709,1217,10,2025,Selesai,2.679265681421404,98.84187790832414
1217092006,121709,1217,4,2025,Selesai,2.487948751649026,98.74123001875382
1217092007,121709,1217,6,2025,Selesai,2.492347643692046,98.74210258806497
1217062003,121706,1217,7,2025,Selesai,2.6674600238294093,98.61658116891962
1213062002,121706,1217,3,2025,Selesai,2.6429040539407778,98.60066461533708
1217022002,121702,1217,10,2025,Selesai,2.51642885270935,98.94807504023629
1213072005,121702,1217,10,2025,Selesai,2.5316867825256035,98.92478097328762
1203011001,121702,1217,10,2025,Selesai,2.474127860689426,98.94631628005035
1201112004,121701,1217,10,2025,Selesai,2.4881544799273065,98.96466101197426
1217012014,121701,1217,10,2025,Selesai,2.572961553207904,98.85744584370488
1217042009,121704,1217,10,2025,Selesai,2.5037344974566307,98.86634421081898
1202032003,121704,1217,10,2025,Selesai,2.6655571686719526,98.74177813462958
1217052002,121705,1217,10,2025,Selesai,2.5258898099519125,98.58039038350341
1217052008,121705,1217,4,2025,Selesai,2.557427320649462,98.6507481175979
1217052011,121705,1217,6,2025,Selesai,2.5342213032397636,98.66305392790409
1207262009,120726,1207,17,2025,Selesai,3.677228560600605,98.75777716081565
1207262014,120726,1207,11,2025,Selesai,3.727821195178918,98.74667677282685
1207262010,120726,1207,10,2025,Selesai,3.663796851884726,98.7178646472133
1207332011,120733,1207,17,2025,Selesai,3.6072877320215824,98.86030325607834
1207332010,120733,1207,17,2025,Selesai,3.616422078708541,98.89062350954327
1207322017,120732,1207,21,2025,Selesai,3.681205603189734,98.85111744341027
1207322004,120732,1207,18,2025,Selesai,3.68792975686725,98.85529016683569
1207322012,120732,1207,16,2025,Selesai,3.6366575091474074,98.92093681488777
1207022025,120702,1207,16,2025,Selesai,3.549277176505403,98.83105711421915
1205092010,120725,1207,20,2025,Selesai,3.891981892793985,98.65637252315767
1207242016,120724,1207,30,2025,Selesai,3.737326426666686,98.5469708921694
1207242007,120724,1207,13,2025,Selesai,3.7489217983982086,98.57464261058016
1207242018,120724,1207,11,2025,Selesai,3.819478973486723,98.59163812590448
1207242015,120724,1207,15,2025,Selesai,3.786303802042312,98.55222542396159
1207242020,120724,1207,29,2025,Selesai,3.856353310975536,98.65821147430303
1207242017,120724,1207,32,2025,Selesai,3.7599855829937385,98.55656439580956
1207232010,120723,1207,17,2025,Selesai,3.5937226175582677,98.56731850477162
1207192025,120719,1207,17,2025,Selesai,3.439961694152142,98.86718008676154
1207312016,120731,1207,17,2025,Selesai,3.5880321068329843,98.91222272194968
1207312014,120731,1207,9,2025,Selesai,3.620093606090205,98.91768149101604
1207312008,120731,1207,10,2025,Selesai,3.5180474058080127,98.92535854127358
1215012009,121501,1215,15,2025,Selesai,2.6706736311238917,98.12807813247531
1207032001,121501,1215,15,2025,Selesai,2.5843733156408737,98.17857192474769
1215012001,121501,1215,19,2025,Selesai,2.6745080671480617,98.21821976642589
1215022014,121502,1215,14,2025,Selesai,2.6058190781832478,98.29060406956943
1215032013,121503,1215,15,2025,Selesai,2.492563776487292,98.293242282083
1215032014,121503,1215,19,2025,Selesai,2.5192208730463608,98.33083986036934
1215082002,121508,1215,16,2025,Selesai,2.5919419527632916,98.37532386031216
1215082001,121508,1215,15,2025,Selesai,2.5499843345211812,98.40698104369741
1215082004,121508,1215,15,2025,Selesai,2.5459712517831323,98.44424686034857
1215082003,121508,1215,9,2025,Selesai,2.578907070078608,98.42803369628335
1215082005,121508,1215,21,2025,Selesai,2.61383917619477,98.40272632271768
1215082006,121508,1215,12,2025,Selesai,2.5570178440022877,98.36469027832385
1201112004,121504,1215,15,2025,Selesai,2.6220604996335943,98.31881762065964
1202012027,120201,1202,10,2025,Selesai,2.1012911870249353,99.0071262823125
1202012025,120201,1202,10,2025,Selesai,2.103516958092538,98.99411832199229
1202142008,120214,1202,20,2025,Selesai,2.0387771509620247,99.40818800642235
1202142012,120214,1202,10,2025,Selesai,1.982354131508798,99.28269286859786
1202012025,120209,1202,11,2025,Selesai,2.2210893591129253,98.94485386180713
1202092013,120209,1202,11,2025,Selesai,2.2298431779578016,99.09062362245413
1202091001,120209,1202,8,2025,Selesai,2.2149813477330493,98.98187349140122
1212022019,120205,1202,10,2025,Selesai,1.8392003809463617,99.09570400953092
1202052019,120205,1202,10,2025,Selesai,1.9292493376589588,99.0652622473271
1202062011,120206,1202,11,2025,Selesai,1.841608004868981,99.20209026728004
1202102008,120210,1202,11,2025,Selesai,2.182833579019761,98.92340587542508
1202102004,120210,1202,10,2025,Selesai,2.155096467295316,98.93037052555002
1202022011,120202,1202,10,2025,Selesai,1.9837670805092036,99.02835125047625
1202042009,120204,1202,10,2025,Selesai,2.072339108672554,98.9089237288536
1202072003,120207,1202,10,2025,Selesai,1.6850910428640051,99.18286489326508
1201071001,120212,1202,10,2025,Selesai,2.1800415931394683,99.15157787370107
1202082005,120208,1202,10,2025,Selesai,2.3322685521008144,98.9123040812375
1202152010,120215,1202,10,2025,Selesai,2.3313580875785918,98.92366779646102
1212012031,121201,1212,10,2025,Selesai,2.3053894969903403,99.11206165458992
1212011034,121201,1212,10,2025,Selesai,2.3275591117923744,99.07552398164508
1212222004,121222,1212,10,2025,Selesai,2.3134981379218007,99.01996802718644
1212022019,121202,1212,10,2025,Selesai,2.381929312405046,99.14604703678607
1212022003,121202,1212,10,2025,Selesai,2.313692152599695,99.17372410513306
1212202008,121220,1212,10,2025,Selesai,2.4239499071009822,99.20131529022333
1212202003,121220,1212,10,2025,Selesai,2.4332524813552827,99.1800631105999
1212202002,121220,1212,10,2025,Selesai,2.4320550317378493,99.18418022880358
1201112004,121203,1212,10,2025,Selesai,2.343892709459351,99.22035574884904
1212032003,121203,1212,10,2025,Selesai,2.3760065402847936,99.23200554710644
1212032006,121203,1212,10,2025,Selesai,2.3580814111850614,99.2351602117852
1212072031,121207,1212,10,2025,Selesai,2.434547423594813,99.15812638186205
1212071039,121207,1212,10,2025,Selesai,2.4397247222702196,99.15087501297427
1212072033,121207,1212,10,2025,Selesai,2.4396685680442403,99.15829791176601
1212072030,121207,1212,10,2025,Selesai,2.446731392629069,99.16313639366182
1212072023,121207,1212,10,2025,Selesai,2.5176988380595082,99.15228734604162
1212232013,121223,1212,10,2025,Selesai,2.521631127734824,99.12754248395046
1212232007,121223,1212,10,2025,Selesai,2.520811013513461,99.16182833989438
1212052002,121205,1212,10,2025,Selesai,2.529466758355462,99.42991631484747
1212212003,121221,1212,10,2025,Selesai,2.294674734327374,99.4181256965521
1271101006,127110,1271,12,2025,Selesai,3.57997266606667,98.69616178851861
1271101008,127110,1271,10,2025,Selesai,3.5752366833647793,98.69324639811438
1271081005,127108,1271,32,2025,Selesai,3.7612805500687827,98.65168489218873
1271081001,127108,1271,10,2025,Selesai,3.7860480177717593,98.68783592084083
1271081006,127108,1271,17,2025,Selesai,3.7836960384608473,98.70939997783036
1271081002,127108,1271,13,2025,Selesai,3.777003807164946,98.68757822434165
1219062017,127118,1271,7,2025,Selesai,3.593887119014709,98.70389505181838
1271121002,127112,1271,12,2025,Selesai,3.706646071561583,98.66511252781473
1271121003,127112,1271,19,2025,Selesai,3.705805800108263,98.63836170267825
1271121001,127112,1271,11,2025,Selesai,3.738274629824675,98.6686536640197
1271131001,127113,1271,24,2025,Selesai,3.7416619763348575,98.67615947541722
1271131005,127113,1271,20,2025,Selesai,3.751802972009542,98.68723827966348
1276051005,127605,1276,19,2025,Selesai,3.3344247779455674,99.15735090438925
1220042012,127602,1276,3,2025,Selesai,3.3454686004229517,99.16182694946396
1276021012,127602,1276,21,2025,Selesai,3.35155356548783,99.17859634574404
1276021013,127602,1276,1,2025,Selesai,3.3704794418164665,99.17116146285339
1276021007,127602,1276,1,2025,Selesai,3.342095997805228,99.15023479019986
1276011006,127601,1276,9,2025,Selesai,3.313576645550316,99.15452416973318
1211072008,127601,1276,13,2025,Selesai,3.3119615856078153,99.1483675559732
1276011012,127601,1276,10,2025,Selesai,3.3136095930645393,99.14098475845552
1276041004,127604,1276,5,2025,Selesai,3.3439570334338824,99.14063925842262
1201022007,127604,1276,2,2025,Selesai,3.320635446963211,99.14348314813562
1276031002,127603,1276,11,2025,Selesai,3.347328527982601,99.18485825845592
1275021002,127603,1276,3,2025,Selesai,3.3317803100356356,99.16948301576525
1201182002,127603,1276,4,2025,Selesai,3.321149828876313,99.1801993157652
,,,,,,,
,,,,,,,
,,,,,,,
,,,,,,,
,,,,,,,
,,,,,,,
,,,,,,,
,,,,,,,
,,,,,,,
,,,,,,,
,,,,,,,
,,,,,,,
,,,,,,,
,,,,,,,
,,,,,,,
,,,1984,,,,