Kawasan (area),Lingkungan (environment),Kelurahan (villages),Kecamatan (district_id),Kabupaten/Kota (region_id),Total Luas (total_area),Total Penduduk (total_population),Tingkat Kekumuhan (slum_value),Latitude,Longitude
Pardomuan I,"Dusun II, III",Pardomuan,121708,1217,34.30,4553,27,2.6007917,98.7051114
Parsaoran I,Dusun I,Parsaoran,121708,1217,16.93,1738,53,2.6175567,98.6936583
Pintusona,"Dusun I, II, III",Pintusona,121708,1217,9.90,1443,30,2.5882897,98.7100056
Rianiate,Dusun I,Rianiate,121708,1217,12.60,1632,35,2.5548158,98.7266619
Siopat Sosor,"Dusun I, II, III",Siopat Sosor,121708,1217,10.20,992,58,2.6855561,98.6912639
Ambarita,Dusun I,Ambarita,121701,1217,41.00,935,28,2.6855561,98.6912639
Tomok Parsaoran,"Dusun I, II, III",Tomok Parsaoran,121701,1217,19.10,3516,29,2.6529228,98.8602833
Simanindo,Dusun II,Simanindo,121701,1217,8.69,520,39,2.6743517,98.8356836
Sirumahombar,"Dusun I, II, III",Sirumahombar,121703,1217,14.80,1869,36,2.4360478,98.8846189
Onan Runggu,"Dusun I, II, III",Onan Runggu,121702,1217,12.21,699,29,2.4568128,98.9765869
Ginolat,Dusun I,Ginolat,121706,1217,10.00,532,47,2.6102108,98.6311144
Siboro,Dusun I,Siboro,121706,1217,7.90,996,40,2.6225733,98.6315533
Pallombuan,"Dusun I, II, III",Pallombuan,121704,1217,2.10,242,20,2.4706939,98.8042742
Turpuk Sihotang,Dusun I,Turpuk Sihotang,121705,1217,1.70,155,23,2.5468272,98.6637783
Cinta Maju,Dusun I,Cinta Maju,121709,1217,3.10,592,46,2.5009014,98.7360364
Ronggur Nihuta,Dusun I,Ronggur Nihuta,121707,1217,2.30,282,56,2.5946503,98.8003297
Adian Jior,Adian Jior 1,Adian Jior,121301,1213,5.77,1025,44,0.8712583,99.5369639
Kampung Padang,Kampung Padang 1,Kampung Padang,121301,1213,3.81,1710,38,0.8909667,99.5779999
Gunung Manaon-Pagaran Tonga,Gunung Manaon-Pagaran Tonga 1,"Gunung Manaon, Pagaran Tonga",121301,1213,7.88,2530,40,0.8788722,99.5357861
Manyabar-Manyabar Jae,Manyabar Manyabar Jae 1,Manyabar,121301,1213,6.51,2300,51,0.8838750,99.5384250
Panyabungan Julu,Panyabungan Julu 1,Panyabungan Julu,121301,1213,8.84,3000,27,0.8641028,99.5565417
Sigalapang Julu,Sigalapang Julu 1,Sigalapang Julu,121301,1213,6.22,1920,51,0.8491861,99.5814139
Gunung Tua Raya,"Banjar Pariduri, Banjar Pasar Pagi, Banjar Janogari","Gunung Tua Jae, Gunung Tua Tonga, Ipar Bondar",121301,1213,8.67,4925,35,0.8840833,99.5574806
Dalan Lidang,"RT 1, RT 2, RT 3, RT 5, RT 6",Dalan Lidang,121301,1213,8.83,3520,49,0.8174722,99.5588694
Pasar Huta Bargot,Pasar Huta Bargot 1,Pasar Huta Bargot,121319,1213,4.92,775,46,0.8737833,99.5140917
Bangun Sejati Binanga,Bangun Sejati Binanga 1,"Bangun Sejati, Binanga",121319,1213,6.11,1470,39,0.8897750,99.5075000
Sikara-Kara IV,Sikara-Kara IV 1,Sikara-Kara IV,121316,1213,3.24,990,39,0.7064389,99.1059639
Siabu,Lingkungan II,Siabu,121306,1213,1.43,1199,35,1.0159306,99.0623083
Hurabara I,Hurabara I,Huraba I,121306,1213,2.51,670,41,1.0069667,99.5049917
Ujung Marisi,Ujung Marisi 1,Ujung Marisi,121308,1213,2.16,215,41,1.0909250,99.4558611
Huta Pungkut Jae,Huta Pungkut Jae 1,Huta Pungkut Jae,121308,1213,0.85,200,43,0.6400000,99.7533222
Huta Pungkut Tonga,Huta Pungkut Tonga 1,Huta Pungkut Tonga,121308,1213,2.57,840,41,0.6395250,99.7546306
Bah Sorma 1,RT001-RW003,Bah Sorma,127207,1272,2.29,253,22,2.97392,99.04626
Bah Sorma 2,RT003-RW001,Bah Sorma,127207,1272,1.17,119,21,2.96705,99.03233
Bah Sorma 3,RT004-RW003,Bah Sorma,127207,1272,2.80,205,19,2.96567,99.03214
Banjar 1,RT001-RW006,Banjar,127202,1272,4.56,382,17,2.96255,99.05915
Banjar 2,RT001-RW007,Banjar,127202,1272,2.32,277,24,2.96434,99.05901
Martaba 1,RT008-RW003,Martoba,127203,1272,0.72,191,24,2.96632,99.06351
Martaba 2,RT009-RW001,Martoba,127203,1272,0.64,192,24,2.96452,99.06002
Tomuan 1,RT020-RW007,Tomuan,127201,1272,2.77,226,18,2.95641,99.07476
Tomuan 2,RT022-RW008,Tomuan,127201,1272,1.16,622,18,2.95667,99.07986
Suka Dame 1,RT001-RW001,Suka Dame,127203,1272,0.46,212,17,2.96982,99.07398
Suka Dame 2,RT001-RW007,Suka Dame,127203,1272,1.04,93,17,2.96905,99.06619
Suka Dame 3,RT001-RW009,Suka Dame,127203,1272,1.05,243,17,2.96967,99.06433
Suka Darne 4,RT002-RW001,Suka Dame,127203,1272,0.53,98,17,2.9702,99.07393
Suka Dame 5,RT002-RW009,Suka Dame,127203,1272,1.36,312,18,2.969,99.06388
Suka Dame 6,RT003-RW001,Suka Dame,127203,1272,0.80,245,17,2.97045,99.07361
Suka Dame 7,RT003-RW009,Suka Dame,127203,1272,0.52,150,25,2.96805,99.06384
Suka Dame 8,RT004-RW009,Suka Dame,127203,1272,1.17,139,19,2.9684,99.0642
Mekar Nauli 1,RT002-RW002,Mekar Nauli,127205,1272,0.79,117,24,2.95597,99.08915
Mekar Nauli 2,RT002-RW005,Mekar Nauli,127205,1272,1.82,136,30,2.9494,99.09387
Mekar Nauli 3,RT003-RW003,Mekar Nauli,127205,1272,1.10,88,25,2.95643,99.08925
Mekar Nauli 4,RT003-RW005,Mekar Nauli,127205,1272,1.26,193,26,2.9479,99.09179
Mekar Nauli 5,RT004-RW005,Mek Ar Nauli,127205,1272,0.34,171,32,2.94804,99.09349
Siopat Suhu 1,RT004-RW002,Siopat Suhu,127201,1272,1.42,84,17,2.9651,99.08038
Siopat Suhu 2,RT005-RW002,Siopat Suhu,127201,1272,0.40,257,24,2.96523,99.07942
Siopat Suhu 3,RT006-RW002,Siopat Suhu,127201,1272,0.40,161,29,2.96522,99.07893
Asuhan 1,RT002-RW001,Asuhan,127201,1272,1.33,270,18,2.96998,99.07958
Asuhan 2,RT004-RW002,Asuhan,127201,1272,1.46,298,21,2.97059,99.07895
Asuhan 3,RT005-RW002,Asuhan,127201,1272,0.61,209,20,2.97127,99.07862
Asuhan 4,RT006-RW002,Asuhan,127201,1272,0.74,241,21,2.97013,99.07812
Asuhan 5,RT008-RW003,Asuhan,127201,1272,0.89,297,20,2.97196,99.08008
Asuhan 6,RT009-RW003,Asuhan,127201,1272,1.35,305,24,2.97414,99.08146
Asuhan 7,RT010-RW004,Asuhan,127201,1272,2.02,276,27,2.97382,99.08073
Asuhan 8,RT011-RW004,Asuhan,127201,1272,0.63,185,21,2.97481,99.0801
Asuhan 9,RT012-RW004,Asuhan,127201,1272,1.53,282,20,2.97385,99.08
Asuhan 10,RT013-RW004,Asuhan,127201,1272,1.24,281,20,2.97217,99.07958
Asuhan 11,RT014-RW004,Asuhan,127201,1272,0.34,257,18,2.97239,99.07926
Tambun Nabolon,RT006-RW002,Tambun Nabolon,127206,1272,3.85,139,25,3.00684,99.09542
Naga Pita 1,RT001-RW005,Naga Pita,127206,1272,1.68,210,17,2.98034,99.07392
Naga Pita 2,RT002-RW001,Naga Pita,127206,1272,1.74,388,17,2.97656,99.06751
Naga Pita 3,RT003-RW005,Naga Pita,127206,1272,0.97,308,17,2.98068,99.074
Tanjung Tongah 1,RT002-RW002,Tanjung Tongah,127206,1272,6.21,298,17,3.01005,99.07748
Tanjung Tongah 2,RT002-RW004,Tanjung Tongah,127206,1272,1.46,161,16,3.00377,99.08056
Tanjung Tongah 3,RT003-RW003,Tanjung Tongah,127206,1272,0.68,118,16,3.00254,99.07977
Tanjung Tongah 4,RT003-RW004,Tanjung Tongah,127206,1272,2.14,387,18,3.01024,99.08386
Kahean 1,RT001-RW003,Kahean,127203,1272,2.00,179,28,2.9756,99.07197
Kahean 2,RT001-RW005,Kahean,127203,1272,1.07,336,22,2.97564,99.07474
Kahean 3,RT002-RW003,Kahean,127203,1272,1.97,189,22,2.97488,99.07246
Kahean 4,RT003-RW005,Kahean,127203,1272,2.36,297,24,2.97632,99.07416
Kahean 5,RT003-RW007,Kahean,127203,1272,0.99,270,25,2.97315,99.0752
Kahean 6,RT004-RW003,Kahean,127203,1272,1.38,266,22,2.97614,99.07609
Kahean 7,RT004-RW007,Kahean,127203,1272,1.46,90,28,2.97169,99.0746
Pardomuan 1,RT006-RW003,Pardomuan,127201,1272,0.97,415,20,2.96672,99.07364
Pardomuan 2,RT007-RW003,Pardomuan,127201,1272,2.37,479,22,2.96625,99.07253
Pardomuan 3,RT008-RW004,Pardomuan,127201,1272,1.64,376,21,2.96507,99.07279
Pardomuan 4,RT010-RW004,Pardomuan,127201,1272,0.90,409,16,2.96397,99.07197
Simarito 1,RT001-RW004,Simarito,127202,1272,0.55,444,23,2.9525,99.04985
Simarito 2,RT001-RW008,Simarito,127202,1272,0.74,169,21,2.95126,99.04984
Simarito 3,RT002-RW001,Simarito,127202,1272,2.27,366,20,2.95372,99.04866
Simarito 4,RT002-RW002,Simarito,127202,1272,1.80,295,25,2.95473,99.0483
Simarito 5,RT002-RW003,Simarito,127202,1272,2.31,157,18,2.95262,99.04797
Simarito 6,RT002-RW005,Simarito,127202,1272,2.87,238,23,2.95159,99.04813
Simarito 7,RT002-RW007,Simarito,127202,1272,0.15,238,28,2.95093,99.05303
Simarito 8,RT002-RW008,Simarito,127202,1272,0.48,142,21,2.95119,99.05051
Simarito 9,RT003-RW001,Simarito,127202,1272,1.15,276,25,2.95429,99.04981
Simarito 10,RT003-RW007,Simarito,127202,1272,0.69,164,23,2.95111,99.05215
Simarito 11,RT003-RW008,Simarito,127202,1272,0.67,231,19,2.95092,99.05116
Bantan 1,RT001-RW004,Bantan,127202,1272,1.52,172,33,2.96117,99.05489
Bantan 2,RT001-RW007,Bantan,127202,1272,1.34,446,28,2.96214,99.05545
Bantan 3,RT001-RW009,Bantan,127202,1272,0.51,290,19,2.9653,99.05506
Bantan 4,RT002-RW003,Bantan,127202,1272,1.68,297,21,2.95959,99.05477
Bantan 5,RT002-RW004,Bantan,127202,1272,0.93,279,24,2.96006,99.05433
Bantan 6,RT002-RW007,Bantan,127202,1272,1.23,334,20,2.96492,99.05386
Bantan 7,RT003-RW003,Bantan,127202,1272,0.92,225,22,2.9596,99.05349
Bantan 8,RT003-RW004,Bantan,127202,1272,0.35,181,17,2.96068,99.05511
Bantan 9,RT003-RW006,Bantan,127202,1272,1.59,275,16,2.96333,99.05562
Bantan 10,RT004-RW004,Bantan,127202,1272,0.96,242,21,2.96437,99.05527
Bantan 11,RT004-RW005,Bantan,127202,1272,1.28,197,18,2.96335,99.05425
Bantan 1 2,RT004-RW007,Bantan,127202,1272,1.56,229,22,2.96251,99.05473
Simalungun 1,RT002-RW002,Simalu Ngun,127204,1272,0.91,149,16,2.95368,99.06599
Simalungun 2,RT015-RW005,Simalu Ngun,127204,1272,1.26,195,17,2.95472,99.06679
Simalungun 3,RT016-RW006,Simalu Ngun,127204,1272,0.28,73,21,2.95407,99.0667
Aek Nauli 1,RT001-RW001,Aek Nauli,127204,1272,2.27,258,18,2.94203,99.04783
Aek Nauli 2,RT007-RW003,Aek Nauli,127204,1272,0.56,300,24,2.94213,99.04846
Aek Nauli 3,RT009-RW003,Aek Nauli,127204,1272,1.85,182,22,2.94237,99.04936
Aek Nauli 4,RT012-RW004,Aek Nauli,127204,1272,1.12,128,18,2.94096,99.04938
Karo,RT011-RW004,Karo,127204,1272,2.73,171,20,2.9487,99.06892
Naga Huta 1,RT002-RW001,Naga Huta,127208,1272,0.95,118,19,2.93295,99.03754
Naga Huta 2,RT008-RW003,Naga Huta,127208,1272,1.82,266,18,2.93185,99.04487
Naga Huta 3,RT009-RW003,Naga Huta,127208,1272,1.10,177,17,2.93516,99.04594
Naga Huta 4,RT010-RW003,Naga Huta,127208,1272,2.94,192,17,2.93352,99.04329
Pematang Marihat 1,RT003-RW003,Pematang Marihat,127208,1272,3.07,323,31,2.9299,99.07848
Pematang Marihat 2,RT011-RW004,Pematang Marihat,127208,1272,1.25,553,16,2.92624,99.07267
Bane 1,RT001-RW001,Bane,127203,1272,1.94,228,19,2.96817,99.06078
Bane 2,RT001-RW002,Bane,127203,1272,2.05,383,16,2.96814,99.05889
Bane 3,RT001-RW007,Bane,127203,1272,3.83,377,17,2.97329,99.06123
Bane 4,RT002-RW003,Bane,127203,1272,2.39,201,16,2.97027,99.05693
Bane 5,RT002-RW006,Bane,127203,1272,0.65,173,16,2.97075,99.0544
Bane 6,RT002-RW005,Bane,127203,1272,0.56,170,23,2.97391,99.05936
Bane 7,RT003-RW006,Bane,127203,1272,1.42,154,22,2.97281,99.05748
Bane 8,RT003-RW007,Bane,127203,1272,2.72,154,22,2.97206,99.05483
Bane 9,RT003-RW008,Bane,127203,1272,2.05,335,30,2.97116,99.05518
Bane 10,RT004-RW008,Bane,127203,1272,2.28,321,32,2.97521,99.06093
Naga Pitu 1,RT001-RW003,Naga Pitu,127206,1272,0.70,176,22,2.97709,99.07808
Naga Pitu 2,RT002-RW003,Naga Pitu,127206,1272,0.33,143,22,2.97698,99.07857
Naga Pitu 3,RT003-RW003,Naga Pitu,127206,1272,0.49,184,21,2.9778,99.07833
Sigulang Gulang 1,RT001-RW005,Sigulanggulang,127203,1272,0.96,271,17,2.97511,99.0659
Sigulang Gulang 2,RT002-RW005,Sigulanggulang,127203,1272,1.71,221,17,2.97640,99.06399
Sigulang Gulang 3,RT003-RW005,Sigulanggulang,127203,1272,2.21,365,17,2.97646,99.06325