1. SAMOSIR,,,,,,,,,,
Nama Kawasan (area_name),Lingkungan (environment),Kelurahan (villages),Kecamatan (district_id),Kabupaten/Kota (region_id),Total Luas (total_area),Total Penduduk (total_population),Tingkat Kekumuhan (slum_value),Tahun (year_inspected),Latitude,Longitude
Pardomuan I,"Dusun II, III",Pardomuan,121708,1217,34.30,4553,27,2023,2.6007917,98.7051114
Parsaoran I,Dusun I,Parsaoran,121708,1217,16.93,1738,53,2023,2.6175567,98.6936583
Pintusona,"Dusun I, II, III",Pintusona,121708,1217,9.90,1443,30,2023,2.5882897,98.7100056
Rianiate,Dusun I,Rianiate,121708,1217,12.60,1632,35,2023,2.5548158,98.7266619
Siopat Sosor,"Dusun I, II, III",Siopat Sosor,121708,1217,10.20,992,58,2023,2.6855561,98.6912639
Ambarita,Dusun I,Ambarita,121701,1217,41.00,935,28,2023,2.6855561,98.6912639
Tomok Parsaoran,"Dusun I, II, III",Tomok Parsaoran,121701,1217,19.10,3516,29,2023,2.6529228,98.8602833
Simanindo,Dusun II,Simanindo,121701,1217,8.69,520,39,2023,2.6743517,98.8356836
Sirumahombar,"Dusun I, II, III",Sirumahombar,121703,1217,14.80,1869,36,2023,2.4360478,98.8846189
Onan Runggu,"Dusun I, II, III",Onan Runggu,121702,1217,12.21,699,29,2023,2.4568128,98.9765869
Ginolat,Dusun I,Ginolat,121706,1217,10.00,532,47,2023,2.6102108,98.6311144
Siboro,Dusun I,Siboro,121706,1217,7.90,996,40,2023,2.6225733,98.6315533
Pallombuan,"Dusun I, II, III",Pallombuan,121704,1217,2.10,242,20,2023,2.4706939,98.8042742
Turpuk Sihotang,Dusun I,Turpuk Sihotang,121705,1217,1.70,155,23,2023,2.5468272,98.6637783
Cinta Maju,Dusun I,Cinta Maju,121709,1217,3.10,592,46,2023,2.5009014,98.7360364
Ronggur Nihuta,Dusun I,Ronggur Nihuta,121707,1217,2.30,282,56,2023,2.5946503,98.8003297
,,,,,,,,,,
2. MANDAILING NATAL,,,,,,,,,,
Adian Jior,Adian Jior 1,Adian Jior,121301,1213,5.77,1025,44,2023,0.8712583,99.5369639
Kampung Padang,Kampung Padang 1,Kampung Padang,121301,1213,3.81,1710,38,2023,0.8909667,99.5779999
Gunung Manaon-Pagaran Tonga,Gunung Manaon-Pagaran Tonga 1,"Gunung Manaon, Pagaran Tonga",121301,1213,7.88,2530,40,2023,0.8788722,99.5357861
Manyabar-Manyabar Jae,Manyabar Manyabar Jae 1,Manyabar,121301,1213,6.51,2300,51,2023,0.8838750,99.5384250
Panyabungan Julu,Panyabungan Julu 1,Panyabungan Julu,121301,1213,8.84,3000,27,2023,0.8641028,99.5565417
Sigalapang Julu,Sigalapang Julu 1,Sigalapang Julu,121301,1213,6.22,1920,51,2023,0.8491861,99.5814139
Gunung Tua Raya,"Banjar Pariduri, Banjar Pasar Pagi, Banjar Janogari","Gunung Tua Jae, Gunung Tua Tonga, Ipar Bondar",121301,1213,8.67,4925,35,2023,0.8840833,99.5574806
Dalan Lidang,"RT 1, RT 2, RT 3, RT 5, RT 6",Dalan Lidang,121301,1213,8.83,3520,49,2023,0.8174722,99.5588694
Pasar Huta Bargot,Pasar Huta Bargot 1,Pasar Huta Bargot,121319,1213,4.92,775,46,2023,0.8737833,99.5140917
Bangun Sejati Binanga,Bangun Sejati Binanga 1,"Bangun Sejati, Binanga",121319,1213,6.11,1470,39,2023,0.8897750,99.5075000
Sikara-Kara IV,Sikara-Kara IV 1,Sikara-Kara IV,121316,1213,3.24,990,39,2023,0.7064389,99.1059639
Siabu,Lingkungan II,Siabu,121306,1213,1.43,1199,35,2023,1.0159306,99.0623083
Hurabara I,Hurabara I,Huraba I,121306,1213,2.51,670,41,2023,1.0069667,99.5049917
Ujung Marisi,Ujung Marisi 1,Ujung Marisi,121308,1213,2.16,215,41,2023,1.0909250,99.4558611
Huta Pungkut Jae,Huta Pungkut Jae 1,Huta Pungkut Jae,121308,1213,0.85,200,43,2023,0.6400000,99.7533222
Huta Pungkut Tonga,Huta Pungkut Tonga 1,Huta Pungkut Tonga,121308,1213,2.57,840,41,2023,0.6395250,99.7546306
,,,,,,,,,,
3. PEMATANG SIANTAR,,,,,,,,,,
Bah Sorma 1,RT001-RW003,Bah Sorma,127207,1272,2.29,253,22,2023,2.97392,99.04626
Bah Sorma 2,RT003-RW001,Bah Sorma,127207,1272,1.17,119,21,2023,2.96705,99.03233
Bah Sorma 3,RT004-RW003,Bah Sorma,127207,1272,2.80,205,19,2023,2.96567,99.03214
Banjar 1,RT001-RW006,Banjar,127202,1272,4.56,382,17,2023,2.96255,99.05915
Banjar 2,RT001-RW007,Banjar,127202,1272,2.32,277,24,2023,2.96434,99.05901
Martaba 1,RT008-RW003,Martoba,127203,1272,0.72,191,24,2023,2.96632,99.06351
Martaba 2,RT009-RW001,Martoba,127203,1272,0.64,192,24,2023,2.96452,99.06002
Tomuan 1,RT020-RW007,Tomuan,127201,1272,2.77,226,18,2023,2.95641,99.07476
Tomuan 2,RT022-RW008,Tomuan,127201,1272,1.16,622,18,2023,2.95667,99.07986
Suka Dame 1,RT001-RW001,Suka Dame,127203,1272,0.46,212,17,2023,2.96982,99.07398
Suka Dame 2,RT001-RW007,Suka Dame,127203,1272,1.04,93,17,2023,2.96905,99.06619
Suka Dame 3,RT001-RW009,Suka Dame,127203,1272,1.05,243,17,2023,2.96967,99.06433
Suka Darne 4,RT002-RW001,Suka Dame,127203,1272,0.53,98,17,2023,2.9702,99.07393
Suka Dame 5,RT002-RW009,Suka Dame,127203,1272,1.36,312,18,2023,2.969,99.06388
Suka Dame 6,RT003-RW001,Suka Dame,127203,1272,0.80,245,17,2023,2.97045,99.07361
Suka Dame 7,RT003-RW009,Suka Dame,127203,1272,0.52,150,25,2023,2.96805,99.06384
Suka Dame 8,RT004-RW009,Suka Dame,127203,1272,1.17,139,19,2023,2.9684,99.0642
Mekar Nauli 1,RT002-RW002,Mekar Nauli,127205,1272,0.79,117,24,2023,2.95597,99.08915
Mekar Nauli 2,RT002-RW005,Mekar Nauli,127205,1272,1.82,136,30,2023,2.9494,99.09387
Mekar Nauli 3,RT003-RW003,Mekar Nauli,127205,1272,1.10,88,25,2023,2.95643,99.08925
Mekar Nauli 4,RT003-RW005,Mekar Nauli,127205,1272,1.26,193,26,2023,2.9479,99.09179
Mekar Nauli 5,RT004-RW005,Mekar Nauli,127205,1272,0.34,171,32,2023,2.94804,99.09349
Siopat Suhu 1,RT004-RW002,Siopat Suhu,127201,1272,1.42,84,17,2023,2.9651,99.08038
Siopat Suhu 2,RT005-RW002,Siopat Suhu,127201,1272,0.40,257,24,2023,2.96523,99.07942
Siopat Suhu 3,RT006-RW002,Siopat Suhu,127201,1272,0.40,161,29,2023,2.96522,99.07893
Asuhan 1,RT002-RW001,Asuhan,127201,1272,1.33,270,18,2023,2.96998,99.07958
Asuhan 2,RT004-RW002,Asuhan,127201,1272,1.46,298,21,2023,2.97059,99.07895
Asuhan 3,RT005-RW002,Asuhan,127201,1272,0.61,209,20,2023,2.97127,99.07862
Asuhan 4,RT006-RW002,Asuhan,127201,1272,0.74,241,21,2023,2.97013,99.07812
Asuhan 5,RT008-RW003,Asuhan,127201,1272,0.89,297,20,2023,2.97196,99.08008
Asuhan 6,RT009-RW003,Asuhan,127201,1272,1.35,305,24,2023,2.97414,99.08146
Asuhan 7,RT010-RW004,Asuhan,127201,1272,2.02,276,27,2023,2.97382,99.08073
Asuhan 8,RT011-RW004,Asuhan,127201,1272,0.63,185,21,2023,2.97481,99.0801
Asuhan 9,RT012-RW004,Asuhan,127201,1272,1.53,282,20,2023,2.97385,99.08
Asuhan 10,RT013-RW004,Asuhan,127201,1272,1.24,281,20,2023,2.97217,99.07958
Asuhan 11,RT014-RW004,Asuhan,127201,1272,0.34,257,18,2023,2.97239,99.07926
Tambun Nabolon,RT006-RW002,Tambun Nabolon,127206,1272,3.85,139,25,2023,3.00684,99.09542
Naga Pita 1,RT001-RW005,Naga Pita,127206,1272,1.68,210,17,2023,2.98034,99.07392
Naga Pita 2,RT002-RW001,Naga Pita,127206,1272,1.74,388,17,2023,2.97656,99.06751
Naga Pita 3,RT003-RW005,Naga Pita,127206,1272,0.97,308,17,2023,2.98068,99.074
Tanjung Tongah 1,RT002-RW002,Tanjung Tongah,127206,1272,6.21,298,17,2023,3.01005,99.07748
Tanjung Tongah 2,RT002-RW004,Tanjung Tongah,127206,1272,1.46,161,16,2023,3.00377,99.08056
Tanjung Tongah 3,RT003-RW003,Tanjung Tongah,127206,1272,0.68,118,16,2023,3.00254,99.07977
Tanjung Tongah 4,RT003-RW004,Tanjung Tongah,127206,1272,2.14,387,18,2023,3.01024,99.08386
Kahean 1,RT001-RW003,Kahean,127203,1272,2.00,179,28,2023,2.9756,99.07197
Kahean 2,RT001-RW005,Kahean,127203,1272,1.07,336,22,2023,2.97564,99.07474
Kahean 3,RT002-RW003,Kahean,127203,1272,1.97,189,22,2023,2.97488,99.07246
Kahean 4,RT003-RW005,Kahean,127203,1272,2.36,297,24,2023,2.97632,99.07416
Kahean 5,RT003-RW007,Kahean,127203,1272,0.99,270,25,2023,2.97315,99.0752
Kahean 6,RT004-RW003,Kahean,127203,1272,1.38,266,22,2023,2.97614,99.07609
Kahean 7,RT004-RW007,Kahean,127203,1272,1.46,90,28,2023,2.97169,99.0746
Pardomuan 1,RT006-RW003,Pardomuan,127201,1272,0.97,415,20,2023,2.96672,99.07364
Pardomuan 2,RT007-RW003,Pardomuan,127201,1272,2.37,479,22,2023,2.96625,99.07253
Pardomuan 3,RT008-RW004,Pardomuan,127201,1272,1.64,376,21,2023,2.96507,99.07279
Pardomuan 4,RT010-RW004,Pardomuan,127201,1272,0.90,409,16,2023,2.96397,99.07197
Simarito 1,RT001-RW004,Simarito,127202,1272,0.55,444,23,2023,2.9525,99.04985
Simarito 2,RT001-RW008,Simarito,127202,1272,0.74,169,21,2023,2.95126,99.04984
Simarito 3,RT002-RW001,Simarito,127202,1272,2.27,366,20,2023,2.95372,99.04866
Simarito 4,RT002-RW002,Simarito,127202,1272,1.80,295,25,2023,2.95473,99.0483
Simarito 5,RT002-RW003,Simarito,127202,1272,2.31,157,18,2023,2.95262,99.04797
Simarito 6,RT002-RW005,Simarito,127202,1272,2.87,238,23,2023,2.95159,99.04813
Simarito 7,RT002-RW007,Simarito,127202,1272,0.15,238,28,2023,2.95093,99.05303
Simarito 8,RT002-RW008,Simarito,127202,1272,0.48,142,21,2023,2.95119,99.05051
Simarito 9,RT003-RW001,Simarito,127202,1272,1.15,276,25,2023,2.95429,99.04981
Simarito 10,RT003-RW007,Simarito,127202,1272,0.69,164,23,2023,2.95111,99.05215
Simarito 11,RT003-RW008,Simarito,127202,1272,0.67,231,19,2023,2.95092,99.05116
Bantan 1,RT001-RW004,Bantan,127202,1272,1.52,172,33,2023,2.96117,99.05489
Bantan 2,RT001-RW007,Bantan,127202,1272,1.34,446,28,2023,2.96214,99.05545
Bantan 3,RT001-RW009,Bantan,127202,1272,0.51,290,19,2023,2.9653,99.05506
Bantan 4,RT002-RW003,Bantan,127202,1272,1.68,297,21,2023,2.95959,99.05477
Bantan 5,RT002-RW004,Bantan,127202,1272,0.93,279,24,2023,2.96006,99.05433
Bantan 6,RT002-RW007,Bantan,127202,1272,1.23,334,20,2023,2.96492,99.05386
Bantan 7,RT003-RW003,Bantan,127202,1272,0.92,225,22,2023,2.9596,99.05349
Bantan 8,RT003-RW004,Bantan,127202,1272,0.35,181,17,2023,2.96068,99.05511
Bantan 9,RT003-RW006,Bantan,127202,1272,1.59,275,16,2023,2.96333,99.05562
Bantan 10,RT004-RW004,Bantan,127202,1272,0.96,242,21,2023,2.96437,99.05527
Bantan 11,RT004-RW005,Bantan,127202,1272,1.28,197,18,2023,2.96335,99.05425
Bantan 1 2,RT004-RW007,Bantan,127202,1272,1.56,229,22,2023,2.96251,99.05473
Simalungun 1,RT002-RW002,Simalungun,127204,1272,0.91,149,16,2023,2.95368,99.06599
Simalungun 2,RT015-RW005,Simalungun,127204,1272,1.26,195,17,2023,2.95472,99.06679
Simalungun 3,RT016-RW006,Simalungun,127204,1272,0.28,73,21,2023,2.95407,99.0667
Aek Nauli 1,RT001-RW001,Aek Nauli,127204,1272,2.27,258,18,2023,2.94203,99.04783
Aek Nauli 2,RT007-RW003,Aek Nauli,127204,1272,0.56,300,24,2023,2.94213,99.04846
Aek Nauli 3,RT009-RW003,Aek Nauli,127204,1272,1.85,182,22,2023,2.94237,99.04936
Aek Nauli 4,RT012-RW004,Aek Nauli,127204,1272,1.12,128,18,2023,2.94096,99.04938
Karo,RT011-RW004,Karo,127204,1272,2.73,171,20,2023,2.9487,99.06892
Naga Huta 1,RT002-RW001,Naga Huta,127208,1272,0.95,118,19,2023,2.93295,99.03754
Naga Huta 2,RT008-RW003,Naga Huta,127208,1272,1.82,266,18,2023,2.93185,99.04487
Naga Huta 3,RT009-RW003,Naga Huta,127208,1272,1.10,177,17,2023,2.93516,99.04594
Naga Huta 4,RT010-RW003,Naga Huta,127208,1272,2.94,192,17,2023,2.93352,99.04329
Pematang Marihat 1,RT003-RW003,Pematang Marihat,127208,1272,3.07,323,31,2023,2.9299,99.07848
Pematang Marihat 2,RT011-RW004,Pematang Marihat,127208,1272,1.25,553,16,2023,2.92624,99.07267
Bane 1,RT001-RW001,Bane,127203,1272,1.94,228,19,2023,2.96817,99.06078
Bane 2,RT001-RW002,Bane,127203,1272,2.05,383,16,2023,2.96814,99.05889
Bane 3,RT001-RW007,Bane,127203,1272,3.83,377,17,2023,2.97329,99.06123
Bane 4,RT002-RW003,Bane,127203,1272,2.39,201,16,2023,2.97027,99.05693
Bane 5,RT002-RW006,Bane,127203,1272,0.65,173,16,2023,2.97075,99.0544
Bane 6,RT002-RW005,Bane,127203,1272,0.56,170,23,2023,2.97391,99.05936
Bane 7,RT003-RW006,Bane,127203,1272,1.42,154,22,2023,2.97281,99.05748
Bane 8,RT003-RW007,Bane,127203,1272,2.72,154,22,2023,2.97206,99.05483
Bane 9,RT003-RW008,Bane,127203,1272,2.05,335,30,2023,2.97116,99.05518
Bane 10,RT004-RW008,Bane,127203,1272,2.28,321,32,2023,2.97521,99.06093
Naga Pitu 1,RT001-RW003,Naga Pitu,127206,1272,0.70,176,22,2023,2.97709,99.07808
Naga Pitu 2,RT002-RW003,Naga Pitu,127206,1272,0.33,143,22,2023,2.97698,99.07857
Naga Pitu 3,RT003-RW003,Naga Pitu,127206,1272,0.49,184,21,2023,2.9778,99.07833
Sigulang Gulang 1,RT001-RW005,Sigulanggulang,127203,1272,0.96,271,17,2023,2.97511,99.0659
Sigulang Gulang 2,RT002-RW005,Sigulanggulang,127203,1272,1.71,221,17,2023,2.97640,99.06399
Sigulang Gulang 3,RT003-RW005,Sigulanggulang,127203,1272,2.21,365,17,2023,2.97646,99.06325
,,,,,,,,,,
4. PAKPAK BHARAT,,,,,,,,,,
Boangmanalu,"Dusun Kuta Payung, Kuta Tengah, Lae Terondi, I Pasar Salak, V Kuta Ketang, I Napasengkut, IV Parsabahan, Kuta Tengah","Boangmanalu, Salak I, Salak II",121503,1215,16.58,0,23,2024,2.56778913991878,98.331999769716
Kecupak,"Dusun Delamdam I, Kuta Tengah I, Kuta Tengah II, Saba I, Saba II","Kecupak I, Kecupak II",121505,1215,11.65,0,24,2024,2.55359635508121,98.2931690224302
Kecupak I,"Dusun III Kuta Tao, Gendan I, Gendan II, I Sigelanggang, II Sipat","Aornakan II, Kecupak II",121505,1215,11.29,0,23,2024,2.55383981527052,98.300435982782
Salak II,Dusun III Persabahen,Salak II,121503,1215,0.81,0,17,2024,2.55652471383839,98.3243335134344
Salak IA,Dusun II Pelnas,Salak I,121503,1215,1.40,0,56,2024,2.5614855080729,98.3214320613248
Salak IB,Dusun IV Lae Cilum,Salak I,121503,1215,1.01,0,31,2024,2.5614855080729,98.3214320613248
Salak,Dusun Sosor,Boangmanalu ,121503,1215,6.42,0,21,2024,2.5614855080729,98.3214320613248
Kecupak IIA,Dusun Lembeng Kersik,Kecupak II,121505,1215,1.41,0,37,2024,2.55383981527052,98.300435982782
Traju,Dusun Traju,Siempat Rube I,121508,1215,1.78,0,30,2024,2.57750741311916,98.3356114352132
Siempat Rube,"Dusun I Jambu Rea, III Gading Marasras",Siempat Rube I,121508,1215,4.96,0,16,2024,2.57553051478201,98.3490299900855
Siempat Rube I,Dusun Tanjung Pinang,Siempat Rube I,121508,1215,1.88,0,52,2024,2.57553051478201,98.3490299900855
Siempat Rube II,"Dusun I Jambu Mbellang, II Jambu Mbellang II",Siempat Rube II,121508,1215,4.41,0,37,2024,2.56856433145136,98.3493826695576
Sukaramai,"Dusun Sukaramai, Pongkolan, Sukaramai Kota","Huta Saga, Sukaramai",121502,1215,8.45,0,29,2024,2.64759390301205,98.3002891928751
Sukaramai I,Dusun Sukaramai atas,Sukaramai,121502,1215,2.74,0,29,2024,2.64759390301205,98.3002891928751
Tanjung Meriah,"Dusun I Sibande, II Sibande",Tanjung Meriah,121501,1215,6.16,0,22,2024,2.64856970411874,98.239947950795
Maholida,"Dusun I Kembang Ronding, II Pantekken",Maholida,121501,1215,3.06,0,37,2024,2.64771675794954,98.2491780043804
Salak IIA,Dusun II Barisan,Salak II,121503,1215,8.13,0,23,2024,2.55652471383839,98.32433351343444
Salak IIB,"Dusun I Pasar Salak, I Napasengkut","Salak I, Salak II",121503,1215,4.95,0,23,2024,2.55652471383839,98.32433351343444
Salak IIC,Dusun II Pelnas,Salak I,121503,1215,1.84,0,30,2024,2.55652471383839,98.32433351343444
,,,,,,,,,,
5. HUMBANG HASUNDUTAN,,,,,,,,,,
Hutajulu,"Dusun 1, 2, 3",Hutajulu,121602,1216,12.5,198,21,2024,2.3738211,98.7048242
Parbotihan,"Dusun 1, 2, 3",Parbotihan,121608,1216,10.42,632,23,2024,2.1375214,98.6059386
Lumban Tobing,"Dusun 1, 2",Lumban Tobing,121606,1216,13.33,797,21,2024,2.2570953,98.7464261
Sigupar,"Dusun 1, 2, 3",Sigumpar,121605,1216,13.2,700,22,2024,2.2908639,98.8786844
Sijarango 1,"Dusun 1, 2, 3",Sijarango 1,121609,1216,12,871,31,2024,2.1987336,98.5268117
Sosor Gonting,"Dusun 1, 2",Sosor Gonting,121606,1216,13.95,628,22,2024,2.2823689,98.7718694
Pasar Dolok Sanggul,"Pasar Dolok Sanggul LK 1, 2, 3, 4, 5, 6, 7",Kelurahan Pasar Dolok Sanggul,121606,1216,22.44,6795,17,2024,2.2609131,98.7510103
Bonanionan,"Dusun 2, 3",Bonanionan,121606,1216,11.07,2322,17,2024,2.2609631,98.7462947
Pasaribu,"Dusun 2, 3, 4, 6",Pasaribu,121606,1216,17.02,4005,16,2024,2.2623625,98.7580406
Sirisirisi,"Dusun 1, 2, 3",Sirisirisi,121606,1216,27.83,2162,22,2024,2.2753603,98.7489481
Pargaulan Parpea,"Sibuntuon Parpea Dusun 1, 2, Pargaulan Dusun 1, 2, 3","Pargaulan, Sibuntuon Parpea",121605,1216,27.74,1813,20,2024,2.2631097,98.8603108
Sihonongan,"Dusun 1, 3, 5, 6",Sihonongan,121604,1216,15.17,1882,19,2024,2.3056917,98.9343250
Marbun Toruan,"Dusun 1, 2",Marbun Toruan,121603,1216,26.19,1151,19,2024,2.3235319,98.8247078
Simamora,"Dusun 1, 3",Simamora,121603,1216,9.87,773,26,2024,2.3095442,98.8168836
Tipang,"Dusun 1, 3",Tipang,121603,1216,27.5,1764,20,2024,2.3558536,98.8247208
Hutapaung,"Dusun 1, 3, 4",Hutapaung,121602,1216,18.29,1567,24,2024,2.3343083,98.7230861
Sihotang Hasugian Tonga,"Dusun 1, 2, 3, 4, 5, 6",Sihotang Hasugian Tonga,121601,1216,18.47,972,24,2024,2.3289681,98.4529703
Bonan Dolok 1,"Dusun 1, 2, 3, 4, 5",Bonan Dolok I,121607,1216,15.86,1014,32,2024,2.1593667,98.6857000
Aek Nauli,"Aek Nauli I (Dusun 2, 3), Aek Nauli II (Dusun 1, 2, 3)","Aek Nauli 1 , Aek Nauli 2",121602,1216,24.78,2694,24,2024,2.2940392,98.6982281
Matiti,"Matiti I (Dusun 1, 2, 3), Matiti  II (Dusun 1, 2, 3)","Matiti 1, Matiti 2",121606,1216,32.97,4023,25,2024,2.2591289,98.7076458
Sihite,"Sihite I (Dusun 1, 2, 3), Sihite II (Dusun 1 dan 2), Lumban Tobing (Dusun 1)","Lumban Tobing, Sihite 1 , Sihite 2",121606,1216,16.32,2299,29,2024,2.2585014,98.7385692
Pakkat Hauagong dan Hauagong,"Pakkat Hauagong Dusun 1, 2, 3, 4, 5, 6, Hauagong Dusun 2","Pakkat Hauagong, Hauagong",121609,1216,25.48,4982,26,2024,2.1514378,98.7385692
Nagasaribu II,"Dusun 1, 2, 3",Nagasaribu II,121605,1216,7.93,1285,36,2024,2.2620083,98.9109583
Lumban Barat,"Dusun 1, 2, 3, 4, 5, 6",Lumban Barat,121604,1216,7.81,1802,30,2024,2.2927028,98.9288389
Pearung,"Dusun 1, 2, 3, 4",Pearung,121604,1216,6.78,980,25,2024,2.3142222,98.8900722
Marbun Tonga Marbun Dolok,"Dusun 1, 2, 3",Marbun Tonga Marbun Dolok,121603,1216,3.91,1264,38,2024,2.3171333,98.8155972
Simangulampe,"Dusun 1, 2, 3",Simangulampe,121603,1216,3.02,606,49,2024,2.3336111,98.8393222
Hutajulu,"Dusun 1, 2, 3",Hutajulu,121608,1216,5.71,453,46,2024,2.1558833,98.6529083
Manalu,"Dusun 1, 2, 3, 4, 5, 6",Manalu,121609,1216,8.21,1198,28,2024,2.1674972,98.5441111
Pansur Batu,"Dusun 1, 2, 3",Pansur Batu,121602,1216,4.1,1199,45,2024,2.3311778,98.7017111
Tarabintang,"Dusun 1, 2, 3, 4, 5, 6, 7",Tarabintang,121610,1216,8.27,1946,42,2024,2.2696722,98.4114250
Simbara,"Dusun 1, 2, 3",Simbara,121610,1216,2.39,616,24,2024,2.2604361,98.3561167
Sionom Hudon Runggu,"Dusun 1, 2, 3, 4",Sionom Hudon Runggu,121601,1216,7.39,579,23,2024,2.3483028,98.4218694
Baringin Natam,"Dusun 1, 2, 3, 4, 5, 6",Baringin Natam,121601,1216,9.74,558,27,2024,2.2852250,98.5436944
,,,,,,,,,,
7. NIAS,,,,brok sidimpuan kenapa?,,gapapa Dit,,,,
Dahana,Dusun I,Dahana,120411,1204,2.58,368,47,2023,0.9410469,97.8656325
Sisarahili Bawolato I,Dusun I,Sisarahili Bawolato,120411,1204,2.84,473,46,2023,0.9369603,97.8692403
Sisarahili Bawolato II,Dusun II,Sisarahili Bawolato,120411,1204,1.19,204,51,2023,0.9325136,97.8712428
Sisarahili Bawolato III,Dusun IV,Sisarahili Bawolato,120411,1204,2.04,259,54,2023,0.9311164,97.8730111
Sisarahili Bawolato IV,Dusun V,Sisarahili Bawolato,120411,1204,1.34,234,47,2023,0.92873,97.8758286
Hiliwaele I,Dusun I,Hiliwaele I,120421,1204,1.80,195,44,2023,1.178055,97.5441461
Hilisebua,Dusun III,Hilisebua,120406,1204,1.72,528,59,2023,1.1179431,97.7421667
Hiliweto Gido,Dusun I,Hiliweto Gido,120406,1204,7.01,778,46,2023,1.1168056,97.7243803
Somi I,Dusun I,Somi,120406,1204,2.18,361,46,2023,1.1340553,97.7632058
Somi II,Dusun II,Somi,120406,1204,2.25,403,50,2023,1.1318317,97.7606483
Somi III,Dusun III,Somi,120406,1204,2.00,235,45,2023,1.1369156,97.7568719
Somi IV,Dusun IV,Somi,120406,1204,4.27,578,33,2023,1.1275594,97.7550544
Ahedano,Dusun I,Ahedano,120410,1204,2.72,530,57,2023,1.0195536,97.7623517
Maliwaa,Dusun II,Maliwaa,120410,1204,2.22,242,51,2023,1.0557375,97.7930678
Oladano,Dusun II,Oladano,120410,1204,2.07,368,47,2023,1.0149106,97.7592036
Orahili Zuzundao,Dusun III,Orahili Zuzundao,120410,1204,1.25,177,46,2023,1.0442733,97.8035119
Tetehosi I,Dusun I,Tetehosi,120410,1204,7.56,1409,35,2023,1.0283536,97.7716133
Tetehosi II,Dusun II,Tetehosi,120410,1204,9.52,1685,51,2023,1.0257422,97.7713433
Tetehosi III,Dusun III,Tetehosi,120410,1204,2.11,1187,51,2023,1.025765,97.7764114
Baruzo (Sogaeadu) ,Dusun I,Baruzo,120435,1204,3.10,415,49,2023,1.1029844,97.7328714
Sogaeadu,Dusun I,Sogaeadu,120435,1204,2.23,311,52,2023,1.0914617,97.7363717
Tulumbaho I,Dusun I,Tulumbaho,120435,1204,2.55,343,62,2023,1.0876239,97.7386167
Tulumbaho II,Dusun II,Tulumbaho,120435,1204,2.18,298,57,2023,1.0836236,97.7384256
Holi,Dusun I,Holi,120427,1204,3.40,719,48,2023,0.9848778,97.7163886
Somolo-Molo I,Dusun I,Somolo-Molo,120429,1204,1.76,122,43,2023,1.0304319,97.7083144
Somolo-Molo II,Dusun II,Somolo-Molo,120429,1204,1.47,124,53,2023,1.0337997,97.7090481
,,,,,,,,,,
8. GUNUNGSITOLI,,,,,,,,,,
Cinta Damai,Lingkungan 3,Pasar Gunung Sitoli,127801,1278,4.72,410,45,2023,1.2863944,97.6176656
Saombo,"Lingkungan 1, 2",Saombo,127801,1278,3.75,527,32,2023,1.2929656,97.6099014
KBN,Lingkungan 4,Ilir,127801,1278,6.10,692,30,2023,1.2771403,97.6287472
Gg. Ikhlas,Lingkungan 1,Pasar Gunung Sitoli,127801,1278,2.83,587,38,2023,1.2872936,97.6201428
Jl. Kelapa,"Lingkungan 3, 8",Ilir,127801,1278,8.31,1329,38,2023,1.2862408,97.6245119
Supomo Bengkok,Dusun 3,Pasar Gunung Sitoli,127801,1278,2.50,270,44,2023,1.2846736,97.6140972
Ampera/Lasara Bahili,Dusun 3,Pasar Gunung Sitoli,127801,1278,5.75,562,35,2023,1.2814325,97.6124933
,,,,,,,,,,
9. BATU BARA,,,,,,,,,,
Pangkalan Dodek,"Dusun 2, 3, 5",Pangkalan Dodek,121901,1219,3.68,1685,58,2022,3.41300556783028,99.3205335454883
Sentang,"Dusun 2, 3",Desa Sentang,121912,1219,4.68,665,46,2022,3.19566375700528,99.5892406891056
Benteng,"Dusun 1, 2, 3, 4, 5",Desa Benteng,121905,1219,5.2,2310,33,2022,3.1729927755012,99.5603525386382
Labuhan Ruku,Lingkungan 1,Labuhan Ruku,121905,1219,5.45,1515,37,2022,3.19844998718756,99.5601932314056
Kapal Merah,"Dusun 8, 9",Desa Kapal Merah,121912,1219,5.49,340,61,2022,3.14325345058149,99.7192896661252
Bantdar Rahmat,"Dusun 1, 2 Dusun 2 Bahari, Dusun 3 Bahari, Dusun 4 Sejahtera",Desa Bandar Rahmad,121906,1219,5.75,1870,66,2022,3.22474391943995,99.5809759908624
Bagan Dalam ,"Dusun 9, 10",Desa Bagan Dalam,121906,1219,6,1870,40,2022,3.21229766301238,99.5923756396656
Benteng 1,"Dusun 1, 2, 3, 4, 5",Desa Benteng 1,121905,1219,6.26,2310,31,2022,3.17348163936554,99.560338277883
Bogak,"Dusun Bakau,  Beringin,  Cemara,  Kenari,  Kenanga",Desa Bogak,121906,1219,7.06,2645,58,2022,3.22238334172421,99.5766681199174
Tali Air Permai,"Dusun 3, 4, 5, 6",Desa Tali Air Permai,121912,1219,7.23,1485,48,2022,3.17874293037424,99.6491129671093
Pangkalan Dodek Baru,"Lingkungan 2, 3",Pangkalan Dodek baru,121901,1219,7.31,1955,38,2022,3.41149877241617,99.3170010562791
Kwala Indah,Dusun 4,Desa Kwala Indah,121902,1219,7.4,1845,66,2022,3.34474444869853,99.4697954894802
Nenas Siam,"Dusun 1, 2, 5, 8",Desa Nenas Siam,121901,1219,10.6,2000,49,2022,3.4086513905768,99.3316422200895
Bagan Arya,Dusun 10 dan 11,Bagan Arya,121906,1219,11.02,3330,43,2022,3.22377740663043,99.5873277599458
Suka Maju,"Dusun 11, 12, 5, 8, 9",Desa Suka Maju,121906,1219,11.06,5275,48,2022,3.21591521333186,99.5838699018721
Pahlawan,"Dusun 1, 2, 3, 4, 7,  Dusun Bogak,  Dusun Lobak Abas,  Dusun Wan Ahmad,  Dusun Bunga Jumpa",Desa Pahlawan,121906,1219,11.29,4525,40,2022,3.22170307654227,99.5809279884869
Pagurawan ,"Lingkungan 1, 2, 3 dan 4",Pagurawan,121901,1219,11.43,3510,45,2022,3.40854200142122,99.3156232966531
Tanjung Tiram-Suka Jaya,Kawasan Tanjung Tiram,Tanjung Tiram,121906,1219,16.19,7840,39,2022,3.21996757496333,99.5869990196709
Kwala Sikasim,"Dusun 5, 7, 8, 3, 4, 6",Desa Kwala Sikasim,121907,1219,15.28,2920,26,2022,3.13426892137087,99.5994517778548
Indra Yaman,"Dusun 10, 4, 5, 6, 7, 8, 9",Desa Indra Yaman,121905,1219,17.12,5290,35,2022,3.21606107928584,99.5752478753683
Lalang,"Dusun Mesjid Barat, Tasak Lama",Desa Lalang,121901,1219,26.22,5820,30,2022,3.36394759756193,99.4130828288759
Dahari Silebar,"Dusun Kembang Tanjung, Kuba sabun, Kubah nibung, Landas, Lobaisondang, Mambang sugara, Mambang sugra, Pasaran Benteng sungai, Pemerintah desa, Pestatapai",Desa Dahari Silebar,121905,1219,30.61,3030,24,2022,3.22616144232151,99.5481296710136
,,,,,,,,,,
10. LABUHAN BATU UTARA,,,,,,,,,,
Aek Kanopan Timur,"Lingkungan 2, 3",Aek Kanopan Timur,122301,1223,6.86,0,24,2023,2.56939371,99.65632178
Gunting Saga,"Lingkungan 3, 4, 5",Gunting Saga,122308,1223,5.20,0,26,2023,2.52675622,99.65971152
Kampung Mesjid,"Lingkungan Pasar Bilah 1a, Pekan 2, Pulo",Kampung Mesjid,122303,1223,13.23,0,31,2023,2.57929520,100.0122587
Kampung Pajak,"Dusun 1d, 1e, 1g",Kampung Pajak,122306,1223,14.67,0,26,2023,2.30031103,99.74296736
Kuala Bangka,Dusun Kampung Jawa,Kuala Bangka,122303,1223,6.35,0,47,2023,2.50860612,99.95160859
Merbau,"Lingkungan 1, 2, 4",Merbau,122305,1223,16.45,0,31,2023,2.56939371,99.65632178
Pangkalan Lunang,"Dusun 1B, 2, Sidorukun",Pangkalan Lunang,122302,1223,21.94,0,33,2023,2.76954679,99.93996237
Simandulang,Dusun Simandulang,Simandulang,122302,1223,3.58,0,66,2023,2.56939371,99.65632178
Tanjung Leidong,"Lingkungan Kp. Baru 1, 2, 3, 4, Pekan 1, 2, 3, Sei Semburung",Tanjung Leidong,122302,1223,31.04,0,53,2023,2.7573195,99.97967975
,,,,,,,,,,
12. DAIRI,,,,,,,,,,
Belang Malum,"Dusun 2,3 dan 5",Belang Malum,121101,1211,18.48,0,31,2023,2.7451950,98.3110347
Kalang,"Dusun 3, 4 dan 5",Kalang,121101,1211,18.97,0,28,2023,2.7591233,98.3029903
Kalang Ujung II,Dusun 6,Kalang,121101,1211,13.26,0,18,2023,2.7708700,98.3012481
Sidikalang,"Lingkungan 1,2,3,4,5,6 dan 7",Kuta Gambir,121101,1211,25.41,0,28,2023,2.7493275,98.3041106
Kuta Padang,Lingkungan 2,Sidiangkat,121101,1211,3.25,0,34,2023,2.7301081,98.3189939
Sidiangkat,Lingkungan 1 dan 3,Sidiangkat,121101,1211,6.71,0,31,2023,2.7255711,98.3210331
Sidikalang I,Lingkungan 13,Sidikalang,121101,1211,13.04,0,16,2023,2.7543783,98.3062447
Sidikalang II,Lingkungan 16,Sidikalang,121101,1211,1.21,0,19,2023,2.7531842,98.3037253
Lae Pinang II,Dusun 1,Bintang,121101,1211,8.10,0,19,2023,2.7750661,98.3174811
Lae Pinang I,Dusun 2,Bintang,121101,1211,3.53,0,22,2023,2.7847442,98.3077692
Lae Pinang III,Dusun 2,Bintang,121101,1211,0.67,0,21,2023,2.7868503,98.3085406
Pinang Iv,Dusun 2,Bintang,121101,1211,1.16,0,24,2023,2.7873925,98.3058125
Kuta Lama,Dusun 3,Bintang,121101,1211,5.40,0,16,2023,2.7811531,98.3145028
Jumatakar,Dusun 4,Bintang,121101,1211,5.48,0,20,2023,2.7732089,98.3259561
Lae Pancur,Dusun 5,Bintang,121101,1211,7.00,0,33,2023,2.7758831,98.3274856
Pancuran Asri,Lingkungan 1,Bintang Hulu,121101,1211,6.45,0,17,2023,2.7539514,98.3402728
Tambunan Indah,Lingkungan 2,Bintang Hulu,121101,1211,1.05,0,29,2023,2.7596756,98.3391936
Bintang Selamat,Lingkungan 3,Bintang Hulu,121101,1211,0.96,0,28,2023,2.7642514,98.3392867
Rimo Bunga,Lingkungan 4,Bintang Hulu,121101,1211,2.22,0,26,2023,2.7634875,98.3377847
Komplek Mesjid,Dusun 1,BintangMersada,121101,1211,7.19,0,22,2023,2.7572653,98.3121983
Bintang Silindung,Dusun 2,Bintang Mersada,121101,1211,4.99,0,19,2023,2.7572125,98.3151125
Kuta Rih,Dusun 3,Bintang Mersada,121101,1211,3.00,0,39,2023,2.7563856,98.3193317
Permasen,Dusun 4,Bintang Mersada,121101,1211,7.82,0,25,2023,2.7624692,98.3187367
Jumatakkar,Dusun 5,Bintang Mersada,121101,1211,5.92,0,28,2023,2.7669250,98.3235892 
Kampung Karo,"Dusun 1, 2 dan 3",Huta Rakyat,121101,1211,41.69,0,27,2023,2.7556936,98.3023122
Huta Raja,Dusun 4,Huta Rakyat,121101,1211,9.11,0,20,2023,2.7543992,98.2900233 
Simpang Tiga,Dusun 5,Huta Rakyat,121101,1211,19.17,0,18,2023,2.7546864,98.2834272
Juma Sianak,Dusun 6,Huta Rakyat,121101,1211,4.11,0,33,2023,2.7530272,98.2813644 
Kalang Simbara,Dusun 1 dan 2,Kalang Simbara,121101,1211,8.27,0,29,2023,2.7533206,98.3220158 
Kalang Simbara II,Dusun 3,Kalang Simbara,121101,1211,1.90,0,23,2023,2.7533208,98.3360044 
Huta Rih,Dusun 4,Kalang Simbara,121101,1211,1.94,0,23,2023,2.7552228,98.3169144 
Ujung Baho,Dusun 5,KalangSimbara,121101,1211,2.28,0,19,2023,2.7494692,98.3216489 
Kalang Simbara I,Dusun 6 dan 7,Kalang Simbara,121101,1211,11.79,0,18,2023,2.7454778,98.3270531 
Makam Pahlawan,Lingkungan 10,Batang Beruh,121101,1211,19.71,0,24,2023,2.7340389,98.3362614 
Sopo Sahat Martua,Lingkungan 12,BatangBeruh,121101,1211,23.24,0,27,2023,2.7331464,98.3452428 
Panji Dabutar,Lingkungan 5 Puri Asri Laembulan,Panji Dabutar,121115,1211,12.36,0,32,2023,2.7089758,98.3424414
Sitinjo,"Dusun 1,2 dan 3",Sitinjo,121115,1211,4.42,0,26,2023,2.7210900,98.3632411
Berampu,"Dusun 1,2,3,4 dan 5",Berampu,121113,1211,5.48,0,29,2023,2.7547394,98.2679858
Banjar Toba,Dusun 1,Banjar Toba,121113,1211,3.12,0,28,2023,2.7470306,98.2574222
Karing,Dusun 1 dan 2,Karing,121113,1211,6.65,0,41,2023,2.7342339,98.2803250
Parbuluan I,Dusun 1,Parbuluan I,121110,1211,5.14,0,26,2023,2.6067219,98.5069731
Parbuluan IV,Dusun 2,Parbuluan IV,121110,1211,6.81,0,25,2023,2.6591044,98.4446697
Lae Hole I,"Dusun 1, 2 dan 3",Lae Hole I,121110,1211,5.23,0,27,2023,2.6812736,98.4151711
Bangun,"Dusun 1,2 dan",Bangun,121110,1211,9.85,0,17,2023,2.7041075,98.3987411
Pegagan Julu I,Dusun 3,Pegagan Julu I,121102,1211,6.84,0,23,2023,2.7420233,98.3957958
Silalahi I,Dusun 1,Silalahi I,121114,1211,1.24,0,33,2023,2.8014642,98.5262858
Silalahi I A,Dusun 1,Silalahi I,121114,1211,2.70,0,32,2023,2.7982981,98.5268364
Silalahi I B,Dusun 4,Silalahi I,121114,1211,0.94,0,37,2023,2.8002697,98.5256450
Silalahi III,"Dusun 1, 2 dan 3",Silalahi III,121114,1211,1.11,0,29,2023,2.8037567,98.5284089
Paropo I,Dusun 1 2 dan 4,Paropo I,121114,1211,5.49,0,39,2023,2.8662297,98.5215344
Paropo,Dusun 2,Paropo,121114,1211,1.22,0,20,2023,2.8529114,98.5248953
Lae Pangaroan I,Dusun 1,Lae Pangaroan,121105,1211,1.00,0,32,2023,2.8426442,98.0940081
Lae Pangaroan,Dusun 2 dan 4,Lae Pangaroan,121105,1211,1.43,0,20,2023,2.8477675,98.0946983
Siratah,Dusun Duku,Siratah,121105,1211,2.76,0,27,2023,2.8422528,98.1424008
Sempung Polling I,Dusun 1,Sempung Polling,121111,1211,0.61,0,19,2023,2.7746989,98.1909475
Sempung Polling,Dusun 2,Sempung Polling,121111,1211,0.88,0,35,2023,2.7774908,98.1887714
Kaban Julu,"Dusun 1, 2 dan 4",Kabanjulu,121111,1211,1.50,0,33,2023,2.7805233,98.2429819
Sumbul,Dusun 3,Sumbul,121111,1211,1.16,0,38,2023,2.7647069,98.2530583
Soban,Dusun 1 dan 2,Soban,121104,1211,3.61,0,33,2023,2.8576061,98.1946825
Kuta Tengah,Dusun 3,Kuta Tengah,121107,1211,4.24,0,23,2023,2.7866447,98.2807369
Kuta Tengah I,Dusun 3,Kuta Tengah,121107,1211,1.09,0,20,2023,2.7848019,98.2873322
Pandan,Dusun 1,Pandan,121107,1211,5.43,0,32,2023,2.8704942,98.2177347
Sipoltong,Dusun 1 dan 2,Sipoltong,121107,1211,2.51,0,24,2023,2.8696672,98.2478253
Sipoltong I,Dusun 1 dan 2,Sipoltong,121107,1211,2.82,0,29,2023,2.8650869,98.2492039
Tualang,Dusun 1 dan 3,Tualang,121107,1211,0.98,0,43,2023,2.8316367,98.2329322
Lau Mil,Dusun 1 dan 4,Lau Mil,121103,1211,8.42,0,20,2023,2.9146728,98.1928578
Juma Gerat,"2 dan Dusun 1,2,3",Juma Great,121103,1211,1.12,0,33,2023,2.8945247,98.3058456
Lau Molgap,Dusun 1,Lau Molgap,121103,1211,2.42,0,37,2023,2.8899106,98.1589
Ujung Teran,"Dusun 1,2 dan 3",Ujung Teran,121103,1211,2.33,0,32,2023,2.8745297,98.3052625
Gunung Sitember,Dusun Kampung Dalam ,Gunung Sitember,121112,1211,10.35,0,27,2023,2.9432217,98.1670628
Batu Gun- Gun,Dusun Barisan Baru,Batu Gun- Gun,121112,1211,8.45,0,25,2023,2.9410556,98.1873775
Tupak Raja,Dusun 2/Rante Besi,Tupak Raja,121112,1211,15.41,0,27,2023,2.9708092,98.1606903
Tupak Raja I,Dusun 2,Tupak Raja,121112,1211,1.28,0,29,2023,2.9647231,98.1655517
Kendit Liang,Dusun 1 dan 2,Kendit Liang,121112,1211,2.45,0,33,2023,2.9283289,98.1463422
Kendit Liang I,Dusun 3,Kendit Liang,121112,1211,1.24,0,34,2023,2.93021,98.1452633
Bandar Huta Usang,Dusun 1 dan 2,Bandar Huta Usang,121109,1211,5.90,0,25,2023,2.8153731,98.3843136
Lingga Raja II,Dusun Kebun Sibabi 2,Lingga Raja II,121109,1211,5.53,0,24,2023,2.8443194,98.4081522
Huta Usang,Dusun Komplek Inpres,Kuta Usang,121109,1211,1.64,0,22,2023,2.8530714,98.3811844
Pamah,Dusun 1,Pamah,121106,1211,3.68,0,38,2023,3.0296247,98.1259047
Pamah I,Dusun 2,Pamah,121106,1211,1.02,0,28,2023,3.0280633,98.1273669
Pamah Ii,Dusun 3,Pamah,121106,1211,0.62,0,21,2023,3.0268328,98.1233347
Kuta Buluh,Dusun Lau Betin,Kuta Buluh,121106,1211,0.41,0,44,2023,3.0480281,98.1434147
Lau Tawar,"Dusun 1,2 dan 3",Lau Tawar,121106,1211,5.99,0,31,2023,2.9812561,98.1643311
Barisan Gereja Simpang Tolu,Dusun 1 dan 6,Sopobutar,121108,1211,9.08,0,22,2023,2.8654478,98.0805861
"Barisan Nauli, Sopobutar Sada",Dusun 2 dan 5,Sopobutar,121108,1211,2.30,0,16,2023,2.8661578,98.0759697
Barisan Simbolon Gumpar,Dusun 4,Pardomuan,121108,1211,0.90,0,29,2023,2.8931644,98.0426992
Barisan Simbolon Gumpar I,Dusun 5,Pardomuan,121108,1211,1.74,0,35,2023,2.8984892,98.0401519
Barisan Sirait Malim I,Dusun 2 dan 3,Pardomuan,121108,1211,4.30,0,30,2023,2.8866653,98.0508156
Cinta Maju Bulaga,Dusun 3,Sopobutar,121108,1211,1.83,0,18,2023,2.8679536,98.0698761
Cinta Maju Bulaga I,Dusun 4,Sopobutar,121108,1211,1.78,0,22,2023,2.8693361,98.0673086
Huta Karangan,Dusun 1,Janji,121108,1211,2.15,0,36,2023,2.85622,98.1451531
Jambur Indonesia,"Dusun 1, 2, 3, 4, 5, 6",Jambur Indonesia,121108,1211,0.81,0,29,2023,2.8705369,98.0937097
Lae Gadong Tombak,Dusun 8,Janji,121108,1211,4.80,0,35,2023,2.8653022,98.1213836
Pardamean,Dusun 9,Janji,121108,1211,4.06,0,30,2023,2.8653022,98.1213836
Pardomuan,Dusun 6 dan 7,Pardomuan,121108,1211,7.51,0,40,2023,2.9066061,98.0514625
Pardomuan I,Dusun 1,Pardomuan,121108,1211,1.66,0,30,2023,2.9070081,98.0566811
,,,,,,,,,,
13. TOBA,,,,,,,,,,
Pardede Onan,"Lingkungan 2, 3, 4, 5",Pardede Onan,121201,1212,18.66,2111,22,2023,2.3337130,99.0639833
Sangkar Nihuta,"Lingkungan 1, 3",Sangkar Nihuta,121201,1212,9.05,1051,20,2023,2.3316859,99.0597589
Napitupulu Bagasan,"Lingkungan 1, 2, 3, 4, 5, 6, 7",Napitupulu Bagasan,121201,1212,16.11,2470,16,2023,2.3353883,99.0668692
Lumban Bul Bul,"Lingkungan 1, 2, 3, 4",Lumban Bul Bul,121201,1212,3.53,1024,17,2023,2.3478278,99.0739750
Lumban Dolok Hauma Bange,Lingkungan 1,Lumban Dolok Hauma Bange,121201,1212,1.09,889,18,2023,2.3323328,99.0649736
Balige III,"Lingkungan 1, 2, 3, 4",Balige III,121201,1212,16.73,1923,21,2023,2.3325484,99.0678520
Balige I,"Lingkungan 3, 4",Balige I,121201,1212,2.92,720,19,2023,2.3337669,99.0717261
Sibolahotang SAS,"Lingkungan 2, 3, 4",Sibolahota Ng Sas,121201,1212,8.26,1435,22,2023,2.3358167,99.0766917
Janji Maria,"Lingkungan 1, 3",Janji Maria,121201,1212,6.26,915,19,2023,2.3381625,99.0818964
Tambunan Lumban Pea,"Lingkungan 1, 2, 3, 4, 5",Tambunan Lumban Pea,121201,1212,6.76,1618,19,2023,2.3485019,99.1009947
Tambunan Lumban Pea Timur,"Lingkungan 1, 2, 3, 4",Tambunan Lumban Pea Timur,121201,1212,4.69,1024,20,2023,2.3465750,99.1071942
Gurgur Aek Raja,"Lingkungan 1, 2, 3, 4",Gurgur Aek Raja,121222,1212,12.07,1611,18,2023,2.3243964,99.0134483
Lintong Nihuta,"Lingkungan 1, 2, 3, 4, 5, 6, 7",Lintong Nihuta,121222,1212,11.82,1114,21,2023,2.3400183,99.0179225
Meat,"Lingkungan 1, 2, 3",Meat,121222,1212,4.55,762,22,2023,2.3218023,99.0025528
Tarabunga,"Lingkungan 1, 2, 3, 4",Tarabunga,121222,1212,2.42,527,18,2023,2.3501883,99.0254881
Narumonda V,"Lingkungan 1, 2, 3",Narumonda V,121220,1212,4.82,976,21,2023,2.4198445,99.1751334
Narumonda I,"Lingkungan 1, 2, 3",Narumonda I,121220,1212,5.17,732,19,2023,2.4241834,99.1791778
Narumonda IV,"Lingkungan 1, 2, 3",Narumonda IV,121220,1212,4.11,826,20,2023,2.4353972,99.1670584
Naga Timbul,"Lingkungan 1, 2",Naga Timbul,121223,1212,3.24,453,23,2023,2.4874944,99.1429272
Lumban Lobu,"Lingkungan 1, 2",Lumban Lobu,121223,1212,2.83,554,18,2023,2.5154833,99.1335030
Sihiong,"Lingkungan 1, 2, 3",Sihiong,121223,1212,3.89,835,18,2023,2.5287931,99.1019992
Silaen,"Lingkungan 1, 2, 3",Silaen,121203,1212,4.39,861,17,2023,2.3886483,99.2059397
Sinta Dame,"Lingkungan 1, 2",Sinta Dame,121203,1212,3.70,617,21,2023,2.3819992,99.2131142
Lumban Dolok,"Lingkungan 1, 2, 3, 4",Lumban Dolok,121203,1212,2.17,681,20,2023,2.3790128,99.2064386
Huta Namora,"Lingkungan 1, 2, 3, 4, 5",Huta Namora,121203,1212,7.42,1401,18,2023,2.3986775,99.1917039
Napitupulu Silaen,"Lingkungan 1, 2, 3, 4",Napitupulu Silaen,121203,1212,4.17,572,19,2023,2.3581278,99.2069639
Huta Gurgur I,"Lingkungan 1, 2 , 3",Huta Gurgur I,121203,1212,3.96,469,17,2023,2.4114725,99.2081170
Pintu Pohan,"Lingkungan 1, 2, 3",Pintu Pohan,121205,1212,4.90,1141,19,2023,2.5200500,99.2599194
Pasar Borbor,Lingkungan 1,Pasar Borbor,121206,1212,2.48,679,19,2023,2.2299556,99.2844222
Lumban Rau Tengah,"Lingkungan 1, 2, 3",Lumban Rau Tengah,121221,1212,4.81,866,22,2023,2.2769500,99.4042194
Sitangkola,"Dusun I, II, III",Sitangkola,121202,1212,2.79,290,27,2023,2.3491389,99.1259999
Simatibung,"Dusun I, II, III, VII",Simatibung,121202,1212,5.78,752,28,2023,2.3529111,99.1319250
Sibuea,"Dusun I, II, III, VI, VII",Sibuea,121202,1212,7.17,687,28,2023,2.3668000,99.1280306
Pardomuan Nauli,Dusun I,Pardomuan Nauli,121202,1212,5.14,508,18,2023,2.3600556,99.1346139
Op.Raja Hutapea,Dusun II,Op. Raja Hutapea,121202,1212,2.81,502,26,2023,2.3562056,99.1259250
Op.Raja Hutapea Timur,Dusun I,Op. Raja Hutapea Timur,121202,1212,4.43,371,20,2023,2.3609417,99.1331139
Lumban Bagasan,Dusun I,Lumban Bagasan,121202,1212,5.93,469,21,2023,2.3607194,99.1229056
Hatulian,"Dusun I, II, III",Hatulian,121202,1212,3.94,521,19,2023,2.3705944,99.1140333
Pasar Laguboti,"Lingkungan I, II, III",Pasar Laguboti,121202,1212,3.25,269,22,2023,2.3532000,99.1268278
Sibarani Nasampulu,"Dusun III, IV",Sibarani Nasampulu,121202,1212,8.56,731,22,2023,2.3489611,99.1306778
Pasar Lumban Julu,Dusun I,Pasar Lumban Julu,121209,1212,1.28,109,21,2023,2.5768194,99.0599306
Aek Natolu Jaya,Dusun IV,Aek Natolu Jaya,121209,1212,1.87,164,20,2023,2.6106639,99.0077833
Sionggang Utara,"Dusun II, IV",Sionggang Utara,121209,1212,1.23,368,24,2023,2.5865528,99.0450833
Lintong Julu,"Dusun I, II, III",Lintong Julu,121209,1212,6.52,789,23,2023,2.5735389,99.0623306
Siantar Utara,Dusun III,Siantar Utara,121224,1212,1.07,207,22,2023,2.4642278,99.2195083
Pangombusan,Dusun II,Pangombus An,121224,1212,1.39,596,21,2023,2.4635944,99.1880972
Lumban Sitorus,Dusun I,Lumban Sitorus,121224,1212,3.36,226,17,2023,2.4606389,99.1669222
Lumban Manurung,"Dusun I, II",Lumban Manurung,121224,1212,4.30,352,50,2023,2.4555556,99.1607139
Patane I,Dusun I,Patane I,121207,1212,2.09,238,28,2023,2.4705583,99.1415306
Patane III,"Lingkungan I, II, III",Patane III,121207,1212,9.70,322,20,2023,2.4470833,99.1535083
Pasar Porsea,"Lingkungan I, III, IV",Pasar Porsea,121207,1212,5.65,1111,21,2023,2.4448306,99.1553917
Parparean II,Dusun I,Parparean III,121207,1212,6.30,389,21,2023,2.4528278,99.1553944
Parparean III,Lingkungan I,Parparean III,121207,1212,1.77,703,21,2023,2.4412000,99.1577278
Situa Tua,"Dusun I, II, III",Situa-Tua,121219,1212,7.80,501,33,2023,2.4055583,99.1620639
Sigumpar Barat,"Dusun I, II, III",Sigumpar Barat,121219,1212,3.03,241,31,2023,2.3958611,99.1576361
Sigumpar,Dusun II,Sigumpar,121219,1212,1.64,133,41,2023,2.3981083,99.1614194
Partoruan Janji Matogu,Dusun I,Partoruan Janji Matogu,121210,1212,3.88,119,24,2023,2.4306611,99.1164111
Pardamean Ajibata,"Dusun IV, V",Pardamean Ajibata,121208,1212,2.95,402,22,2023,2.6570833,98.9367333
Parsaoran Ajibata,"RW01-RT01, RW01-RT02, RW01-RT03",Parsaoran Ajibata,121208,1212,5.21,940,18,2023,2.6571528,98.9527806
Parsoburan Tengah,"Lingkungan I, V, VI, VII, VIII, IX",Parsoburan Tengah,121204,1212,18.11,1230,24,2023,2.3335917,99.3304722
,,,,,,,,,,
14. TANJUNG BALAI,,,,,,,,,,
Beting Kuala Kapias,"LK-001, LK-007",Beting Kuala Kapias,127404,1274,8.15,2131,22,2022,2.9752850,99.8036089
Pematang Pasir,LK-006,Pematang Pasir,127404,1274,13.51,761,33,2022,2.9997308,99.8058047
Kapias Pulau Buaya,"LK-001, LK-004, LK-005",Kapias Pulau Buaya,127404,1274,24.35,2527,23,2022,2.9856714,99.7996825
Perjuangan,"LK-001, LK-002, LK-004",Perjuangan,127404,1274,8.47,2902,26,2022,2.9995692,99.8122656
Sei Merbau,"LK-003, LK-004",Sei Merbau,127404,1274,8.27,3912,23,2022,2.9952819,99.8010414
Bunga Tanjung,"LK-005, LK-006",Bunga Tanjung,127406,1274,13.34,1715,17,2022,2.9418142,99.8012306
Pulau Simardan,"LK-007, LK-008, LK-009, LK-010, LK-011, LK-012",Pulau Simardan,127406,1274,3.7,3789,23,2022,2.9580364,99.8066056
Selat Tanjung Medan,LK- 006,Selat Tanjung Medan,127406,1274,16.1,295,29,2022,2.9576814,99.8201764
Semula Jadi,"LK- 001, LK- 002, LK- 003, LK- 004, LK- 005, LK- 006, LK- 008, LK- 009",Semula Jadi,127406,1274,17.01,2472,23,2022,2.9603500,99.8105869
Gading,LK 006,Gading,127405,1274,9.28,695,19,2022,2.9476953,99.7915603
Pahang,LK 003,Pahang,127405,1274,12.17,1329,21,2022,2.9431411,99.7763375
Pantai Johor,"LK 001, LK 003, LK 004",Pantai Johor,127405,1274,6.05,2609,25,2022,2.9676486,99.7747075
Sijambi,"LK-003, LK-010",Sijambi,127405,1274,17.15,1600,23,2022,2.9449386,99.7597356
Sirantau,"LK-001, LK-002, LK-003, LK-005",Sirantau,127405,1274,25.6,5039,19,2022,2.9544681,99.7900369
Selat Lancang,"LK-001, LK-003",Selat Lancang,127406,1274,13.22,2263,20,2022,2.9556642,99.8003219
Keramat Kubah,"LK-001, LK-002, LK-005",Keramat Kubah,127403,1274,2.99,2324,24,2022,2.9738600,99.8066283
Pasar Baru,"LK-001, LK-002, LK-003, LK-005",Pasar Baru,127403,1274,22.26,4443,18,2022,2.9729708,99.7967156
Sei Raja,"LK- 001, LK- 002, LK- 006",Sei Raja,127403,1274,13.22,932,25,2022,2.9866658,99.7848847
Sumber Sari,LK- 007,Sumber Sari,127403,1274,2.66,881,19,2022,2.9792944,99.7999047
Muara Sentosa,LK- 005,Muara Sentosa,127403,1274,6.06,905,26,2022,2.9808558,99.7942853
Kuala Silau Bestari,"LK- 004, LK- 005",Kuala Silau Bestari,127402,1274,1.75,1183,29,2022,2.9719303,99.8059386
Mata Halasan,LK- 001,Mata Halasan,127402,1274,1.31,862,30,2022,2.9699250,99.8043494
Sejahtera,"LK- 001, LK- 002, LK- 003, LK- 004, LK- 005, LK- 006, LK- 008, LK- 009",Sejahtera,127402,1274,1.65,3166,26,2022,2.9716089,99.7970972
Tanjungbalai Kota III,"LK- 002, LK- 003, LK- 004, LK- 005",Tanjungbalai kota III,127402,1274,1.74,2658,26,2022,2.9687353,99.8007222
Tanjungbala Kota IV,LK-001,Tanjungbalai kota IV,127402,1274,2.09,749,19,2022,2.9722944,99.8028450
Tanjungbalai Kota II,"LK-002, LK-003",Tanjungbalai kota II,127401,1274,6.39,4030,24,2022,2.9602369,99.7979953
Pantai Burung,"LK-001, LK-004, LK-005",Pantai Burung,127401,1274,14.26,3699,18,2022,2.9655208,99.8026036
,,,,,,,,,,
15. ASAHAN,,,,,,,,,,
Bunut Barat 1,Lingkungan 1,Bunut Barat,120919,1209,5.6,1794,20,2022,3.052170,99.354895
Bunut Barat 2,Lingkungan 2,Bunut Barat,120919,1209,8.97,1251,19,2022,3.125700,99.354244
Bunut Barat 3,Lingkungan 3,Bunut Barat,120919,1209,47.27,1870,19,2022,3.055670,99.352369
Bunut Barat 4,Lingkungan 4,Bunut Barat,120919,1209,24.87,1015,17,2022,3.136200,99.345323
Dadi Mulyo 1,Lingkungan 1,Dadi Mulyo,120919,1209,2.85,630,16,2022,2.593611,99.354689
Dadi Mulyo 2,Lingkungan 2,Dadi Mulyo,120919,1209,5.66,1011,18,2022,2.592624,99.352257
Dadi Mulyo 5,Lingkungan 5,Dadi Mulyo,120919,1209,1.75,624,16,2022,2.595011,99.351847
Dadi Mulyo 6,Lingkungan 6,Dadi Mulyo,120919,1209,1.3,532,16,2022,2.593234,99.344553
Dadi Mulyo 7,Lingkungan 7,Dadi Mulyo,120919,1209,2.12,791,23,2022,2.595424,99.345556
Kisaran Barat 2,Lingkungan 2,Kisaran Barat,120919,1209,1.78,863,18,2022,2.584939,99.373490
Kisaran Barat 4,Lingkungan 4,Kisaran Barat,120919,1209,1.72,619,17,2022,2.585060,99.371442
Mekar Baru 1,Lingkungan 1,Mekar Baru,120919,1209,1.01,508,17,2022,2.985826,99.624757
Mekar Baru 3,Lingkungan 3,Mekar Baru,120919,1209,0.51,480,16,2022,2.986998,99.612722
Mekar Baru 6,Lingkungan 6,Mekar Baru,120919,1209,0.6,147,16,2022,2.989214,99.618189
Sei Renggas 1,Lingkungan 1,Sei Renggas,120919,1209,8.06,935,19,2022,2.573869,99.353395
Sei Renggas 2,Lingkungan 2,Sei Renggas,120919,1209,18.31,1832,16,2022,2.573968,99.354555
Sei Renggas II,Lingkungan 4,Sei Renggas,120919,1209,8.24,1339,19,2022,2.580940,99.354959
Sei Renggas II,Lingkungan 6,Sei Renggas,120919,1209,4.13,512,18,2022,2.585843,99.354502
Sendang Sari 1,Lingkungan 1,Sendang Sari,120919,1209,1.26,1721,17,2022,2.584453,99.365002
Sendang Sari 2,Lingkungan 2,Sendang Sari,120919,1209,0.87,2173,18,2022,2.584250,99.365118
Sendang Sari 3,Lingkungan 3,Sendang Sari,120919,1209,1.55,774,17,2022,2.585708,99.365958
Sidodadi II,Lingkungan 1,Sidodadi,120919,1209,3.85,515,16,2022,2.591201,99.345106
Sidodadi III,Lingkungan 5,Sidodadi,120919,1209,6.75,383,19,2022,2.598570,99.352842
Sidodadi IV,Lingkungan 6,Sidodadi,120919,1209,3.96,606,19,2022,2.591305,99.353982
Sidomukti 1,Lingkungan 3,Sidomukti,120919,1209,7.06,1468,21,2022,2.999509,99.365289
Sidomukti 2,Lingkungan 5,Sidomukti,120919,1209,6.7,726,20,2022,2.585843,99.363991
Tebing Kisaran,Lingkungan 4,Tebing Kisaran,120919,1209,1.65,515,16,2022,2.583034,99.374482
Tegal Sari,Lingkungan 4,Tegal Sari,120919,1209,4.06,1932,19,2022,2.584274,99.372989
Gambir Baru 1,Lingkungan 1,Gambir Baru,120920,1209,2.73,652,19,2022,2.592111,99.386310
Gambir Baru 2,Lingkungan 2,Gambir Baru,120920,1209,1.91,768,18,2022,2.592209,99.382588
Gambir Baru 3,Lingkungan 4,Gambir Baru,120920,1209,3.08,439,18,2022,2.592721,99.383070
Gambir Baru 4,Lingkungan 5,Gambir Baru,120920,1209,3.25,412,19,2022,2.593968,99.384250
Baru - Karang A 1,Lingkungan 6,Gambir Baru,120920,1209,1.34,471,19,2022,2.593368,99.381825
Baru - Karang A 2,Lingkungan 7,Gambir Baru,120920,1209,2.22,848,21,2022,2.593167,99.382702
Baru - Karang A 3,Lingkungan 1,Karang Anyer,120920,1209,2.15,1047,19,2022,2.591808,99.384084
Baru - Karang A 4,Lingkungan 2,Karang Anyer,120920,1209,3.91,923,20,2022,2.591898,99.383513
Baru - Karang A 5,Lingkungan 4,Karang Anyer,120920,1209,5.1,926,16,2022,2.593884,99.384071
Baru - Karang A 6,Lingkungan 5,Karang Anyer,120920,1209,3.41,517,18,2022,2.593290,99.383253
Kedai Ledang 1,Lingkungan 1,Kedai Ledang,120920,1209,1.12,870,16,2022,2.575909,99.381414
Kedai Ledang 2,Lingkungan 2,Kedai Ledang,120920,1209,0.52,501,16,2022,2.574374,99.382511
Kedai Ledang 3,Lingkungan 6,Kedai Ledang,120920,1209,0.91,611,17,2022,2.575356,99.385463
Kisaran Naga 1,Lingkungan 1,Kisaran Naga,120920,1209,4.01,711,21,2022,2.581979,99.372588
Kisaran Naga 2,Lingkungan 2,Kisaran Naga,120920,1209,3.01,870,19,2022,2.575937,99.374638
Kisaran Naga 3,Lingkungan 4,Kisaran Naga,120920,1209,5.66,780,17,2022,2.581738,99.365233
Lestari 1,Lingkungan 2,Lestari,120920,1209,1.13,668,19,2022,2.594153,99.373451
Lestari 2,Lingkungan 5,Lestari,120920,1209,0.78,636,18,2022,2.592780,99.374494
Lestari 3,Lingkungan 6,Lestari,120920,1209,0.8,529,19,2022,2.592571,99.374625
Lestari 4,Lingkungan 7,Lestari,120920,1209,1.14,724,22,2022,2.592486,99.375238
Mutiara 1,Lingkungan 3,Mutiara,120920,1209,2.82,573,21,2022,2.581588,99.384583
Mutiara 2,Lingkungan 5,Mutiara,120920,1209,3.04,1023,17,2022,2.583859,99.384942
Mutiara 3,Lingkungan 7,Mutiara,120920,1209,4.6,661,16,2022,2.583411,99.385993
Mutiara 4,Lingkungan 8,Mutiara,120920,1209,2.35,563,18,2022,2.584285,99.391398
Sentang 1,Lingkungan 5,Sentang,120920,1209,4.11,1222,19,2022,2.571577,99.392440
Sentang 2,Lingkungan 6,Sentang,120920,1209,7.51,1058,19,2022,2.571315,99.384370
Sentang 3,Lingkungan 7,Sentang,120920,1209,2.58,617,24,2022,2.572650,99.399530
Siumbut Baru 1,Lingkungan 1,Siumbut Baru,120920,1209,2.54,422,18,2022,2.591567,99.392599
Siumbut Baru 2,Lingkungan 4,Siumbut Baru,120920,1209,3.8,447,19,2022,2.585148,99.392240
Siumbut Umbut 1,Lingkungan 2,Siumbut Baru,120920,1209,4.82,428,18,2022,2.593000,99.394692
Siumbut Umbut 2,Lingkungan 3,Siumbut Baru,120920,1209,4.08,500,19,2022,2.591608,99.394938
Siumbut Umbut 3,Lingkungan 5,Siumbut Baru,120920,1209,4.09,399,16,2022,2.585457,99.395146
Siumbut Umbut 4,Lingkungan 6,Siumbut Baru,120920,1209,2.36,295,18,2022,2.585987,99.393838
Siumbut Umbut 5,Lingkungan 7,Siumbut Baru,120920,1209,4.7,348,16,2022,2.593452,99.393438
Siumbut Umbut 6,Lingkungan 8,Siumbut Baru,120920,1209,6.5,467,16,2022,2.591172,99.395571
Siumbut Umbut 7,Lingkungan 9,Siumbut Baru,120920,1209,3.49,323,21,2022,2.583770,99.392854
Siumbut Umbut 8,Lingkungan 10,Siumbut Baru,120920,1209,3.67,301,20,2022,2.591980,99.394534
Siumbut Umbut 9,Lingkungan 1,Siumbut Umbut,120920,1209,7.1,831,21,2022,2.599800,99.402441
Siumbut Umbut 10,Lingkungan 2,Siumbut Umbut,120920,1209,4.35,563,17,2022,2.585622,99.400950
Siumbut Umbut 11,Lingkungan 3,Siumbut Umbut,120920,1209,2.3,1151,21,2022,2.585711,99.401159
Siumbut Umbut 12,Lingkungan 4,Siumbut Umbut,120920,1209,11.66,797,23,2022,2.591547,99.401193
Siumbut Umbut 13,Lingkungan 5,Siumbut Umbut,120920,1209,12.28,648,17,2022,2.592662,99.395900
Siumbut Umbut 14,Lingkungan 6,Siumbut Umbut,120920,1209,5.03,740,24,2022,2.594489,99.409300
Teladan 1,Lingkungan 1,Teladan,120920,1209,0.49,122,16,2022,2.584498,99.375607
Teladan 2,Lingkungan 8,Teladan,120920,1209,1.04,332,17,2022,2.582105,99.374567
Teladan 3,Lingkungan 9,Teladan,120920,1209,1.4,232,16,2022,2.584331,99.375944
Bagan Asahan 1,Lingkungan 1,"Bagan Asahan, Bagan Asahan Baru, Bagan Asahan Pekan",120910,1209,0.46,2928,45,2022,3.019203,99.859141
Bagan Asahan 2,Lingkungan 2,Bagan Asahan,120910,1209,2.74,588,43,2022,3.018926,99.858856
Bagan Asahan 3,Lingkungan 3,Bagan Asahan,120910,1209,3.89,777,42,2022,3.018462,99.858170
Bagan Asahan 4,Lingkungan 4,Bagan Asahan,120910,1209,2.59,880,36,2022,3.016189,99.857406
Bagan Asahan 5,Lingkungan 5,Bagan Asahan,120910,1209,10.94,1008,39,2022,3.016237,99.855672
Bagan Asahan 6,Lingkungan 1,Bagan Asahan Baru,120910,1209,1.76,799,41,2022,3.014256,99.858847
Bagan Asahan 7,Lingkungan 2,Bagan Asahan Baru,120910,1209,2.6,643,40,2022,3.013237,99.858814
Bagan Asahan 8,Lingkungan 3,Bagan Asahan Baru,120910,1209,2.98,482,40,2022,3.012033,99.858823
Bagan Asahan 9,Lingkungan 4,Bagan Asahan Baru,120910,1209,2.41,1855,42,2022,3.011539,99.858118
Bagan Asahan 10,Lingkungan 5,Bagan Asahan Baru,120910,1209,5.48,1390,41,2022,3.010179,99.857625
Bagan Asahan 11,Lingkungan 2,Bagan Asahan Pekan,120910,1209,1.61,1420,42,2022,3.015483,99.858663
Bagan Asahan 12,Lingkungan 3,Bagan Asahan Pekan,120910,1209,0.67,689,42,2022,3.016528,99.858298
Bagan Asahan 13,Lingkungan 5,Bagan Asahan Pekan,120910,1209,6.6,806,44,2022,3.014235,99.856368
Bagan Asahan 14,Lingkungan 6,Bagan Asahan Pekan,120910,1209,7.93,745,42,2022,3.012105,99.856432
Patembo 1,Lingkungan 1,"Sei Jawi Jawi, Sei Nangka",120924,1209,6.1,832,46,2022,2.968522,99.812787
Patembo 2,Lingkungan 2,Sei Jawi Jawi,120924,1209,17.07,1055,43,2022,2.971814,99.812864
Patembo 3,Lingkungan 3,Sei Jawi Jawi,120924,1209,3.44,676,47,2022,2.969011,99.814127
Patembo 4,Lingkungan 4,Sei Jawi Jawi,120924,1209,6.12,696,45,2022,2.969515,99.815448
Patembo 5,Lingkungan 5,Sei Jawi Jawi,120924,1209,5.84,471,46,2022,2.970486,99.818270
Patembo 6,Lingkungan 1,Sei Nangka,120924,1209,10.88,1198,43,2022,2.973947,99.811285
Patembo 7,Lingkungan 2,Sei Nangka,120924,1209,22.82,1736,45,2022,2.978401,99.811006
Patembo 8,Lingkungan 3,Sei Nangka,120924,1209,8.11,796,48,2022,2.986404,99.809187
Patembo 9,Lingkungan 4,Sei Nangka,120924,1209,0.64,887,46,2022,2.989134,99.810034
,,,,,,,,,,
16. SERDANG BEDAGAI,,,,,,,,,,
Pekan Tanjung Beringin Dusun 3-4,"Dusun 3, 4",Pekan Tanjung Beringin,121805,1218,4.91,948,20,2023,3.4930275,99.1845790
Pekan Tanjung Beringin,"Dusun 4, 5, 8, 9, 11",Pekan Tanjung Beringin,121805,1218,27.39,6266,29,2023,3.4942039,99.1898025
Nagur,"Dusun 1, 2",Nagur,121805,1218,4.82,2356,29,2023,3.4986336,99.1981164
Citaman Jernih Dusun 1-2,"Dusun 1, 2",Citaman Jernih,121802,1218,15.25,2448,16,2023,3.5652207,98.9460924
Citaman Jernih Dusun 2-3,"Dusun 2, 3",Citaman Jernih,121802,1218,9.07,2070,25,2023,3.5651218,98.9474983
Citaman Jernih Dusun 4,"Dusun 1,4",Citaman Jernih,121802,1218,1.94,1063,22,2023,3.5615785,98.9553853
Simpang Tiga Pekan - Lk Juani,Lingkungan Juani,Simpang Tiga Pekan,121802,1218,6.16,1235,24,2023,3.5705794,98.9591159
Simpang Tiga Pekan - Lk Manggis,Lingkungan Manggis,Simpang Tiga Pekan,121802,1218,9.34,1011,35,2023,3.5706312,98.9498647
Pasar Baru Dusun 1-2,"Dusun 1, 2",Pasar Baru,121803,1218,12.69,1514,28,2023,3.5547490,99.1089926
Pasar Baru Dusun 3,Dusun 3,Pasar Baru,121803,1218,7.60,643,34,2023,3.5528138,99.1017466
Pekan Bandar Khalipah Dusun 1-2,"Dusun 1, 2",Pekan Bandar Khalipah,121806,1218,5.34,1633,30,2023,3.4369883,99.2782098
Pekan Bandar Khalipah Dusun 4,Dusun 4,Pekan Bandar Khalipah,121806,1218,1.83,998,29,2023,3.4361650,99.2824475
Pekan Dolok Masihul,"Lingkungan 1, 2, 4, 5, 6",Pekan Dolok Masihul,121809,1218,25.67,3592,18,2023,3.3347933,99.0161596
Pekan Sialang Buah Dusun 1,Dusun 1,Pekan Sialang Buah,121803,1218,5.43,160,32,2023,3.5638720,99.1078642
Pekan Sialang Buah Dusun 3-5,"Dusun 3, 5",Pekan Sialang Buah,121803,1218,8.78,1520,20,2023,3.5598549,99.1124544
Sialang Buah,"Dusun 1, 2",Sialang Buah,122302,1218,10.07,1308,19,2023,3.5618512,99.1157797
Pon Dusun 2,Dusun 2,Pon,121815,1218,4.59,136,17,2023,3.4591042,99.1570751
Pon Dusun 3,Dusun 3,Pon,121815,1218,1.50,97,24,2023,3.4573381,99.1577269
Pon Dusun 4,Dusun 4,Pon,121815,1218,6.95,347,20,2023,3.4536132,99.1625409
Sei Rampah Dusun 1-2,"Dusun 1, 2",Sei Rampah,121804,1218,14.59,2648,20,2023,3.4830125,99.1399737
Sei Rampah Dusun 3,Dusun 3,Sei Rampah,121804,1218,2.15,721,20,2023,3.4782976,99.1398869
Pantai Cermin Kanan Dusun 1,Dusun 1,Pantai Cermin Kanan,121801,1218,2.57,459,31,2023,3.6493228,98.9861634
Pantai Cermin Kanan Dusun 2-3,"Dusun 2, 3",Pantai Cermin Kanan,121801,1218,5.92,1553,47,2023,3.6403068,98.9789158
,,,,,,,,,,
17. TAPANULI UTARA,,,,,,,,,,
Adian Koting,"DS001-00000, DS002-00000, DS003-00000",Adian Koting,120203,1202,7.03,1848,26,2023,1.865800643,98.91095588
Dolok Nauli,"DS001-00000, DS003-00000, DS002-00000",Dolok Nauli,120203,1202,4.43,1412,39,2023,1.893033856,98.92503539
Garoga Sibargot,"DS001-00000, DS002-00000, DS003-00000",Garoga Sibargot,120214,1202,11.24,3433,31,2023,2.028446331,99.36186715
Lontung Jae,"DS001-00000, DS002-00000, DS003-00000",Lontung Jae,120214,1202,13.48,2039,30,2023,2.011233251,99.4208176
Bariba Niaek,"DS001-00000, DS002-00000, DS003-00000",Bariba Niaek,120215,1202,20.34,758,31,2023,2.33089821,98.89089598
Hutana Godang,"DS001-00000, DS002-00000, DS003-00000",Hutana Godang,120215,1202,12.30,1976,17,2023,2.332170622,98.90858551
Silali Toruan,"DS001-00000, DS002-00000, DS003-00000",Silali Toruan,120215,1202,8.00,644,22,2023,2.33164498,98.89837931
Sitanggor,"DS001-00000, DS002-00000, DS003-00000",Sitanggor,120215,1202,4.26,989,34,2023,2.32924167,98.95652100
Unte Mungkur,"DS001-00000, DS003-00000",Unte Mungkur,120215,1202,12.03,852,17,2023,2.33882999,98.90982554
Sipultak,"DS001-00000, DS002-00000, DS003-00000",Sipultak,120210,1202,21.28,2446,26,2023,2.19517968,98.89745341
Pasar Sarulla,"LK002-00000, LK004-00000, LK006-00000",Pasar Sarulla,120206,1202,1.71,588,24,2023,1.78526425,99.11199904
Lumban Jaean,"DS001-00000, DS002-00000, DS003-00000",Lumban Jaean,120205,1202,2.21,547,25,2023,1.88308058,99.04338852
Onan Hasang,"LK001-00000, LK002-00000, LK003-00000",Onan Hasang,120205,1202,3.39,660,38,2023,1.89141217,99.04449904
Harianja,"DS001-00000, DS002-00000, DS003-00000",Din Kotin Harianja,120213,1202,12.69,1205,28,2023,2.00305486,99.15977496
Pakpahan,"DS001-00000, DS002-00000, DS003-00000",Pakpahan,120213,1202,28.13,3069,23,2023,2.01070977,99.15785919
Manalu,"DS001-00000, DS002-00000",Manalu,120211,1202,4.82,796,20,2023,2.10572180,98.76540821
Parsaoran,"DS001-00000, DS002-00000, DS003-00000",Parsaoran,120208,1202,2.87,1175,29,2023,1.76076402,99.11487147
Selamat,"DS001-00000, DS002-00000, DS003-00000",Selamat,120208,1202,4.64,1031,38,2023,1.76477205,99.10780603
Enda Portibi,"DS001-00000, DS003-00000",Enda Portibi,120202,1202,5.48,611,18,2023,2.00870977,98.99095781
Simorangkir Julu,"DS001-00000, DS002-00000, DS003-00000",Simorangkir Julu,120202,1202,7.01,1185,20,2023,2.01607968,98.99224477
Pasar Siborongborong,"LK001-00000, LK003-00000",Pasar Siborongborong,120209,1202,28.03,2637,17,2023,2.21249669,98.97631861
Siborongborong I,"DS001-00000, DS002-00000, DS003-00000",Siborongborong I,120209,1202,12.20,3112,22,2023,2.19636993,98.95225843
Simangumban Julu,"DS001-00000, DS002-00000, DS003-00000",Simangumban Julu,120207,1202,9.42,2107,31,2023,1.74325353,99.14629251
Sipahutar I,"DS001-00000, DS002-00000, DS003-00000",Sipahutar I,120212,1202,8.61,997,36,2023,2.11630008,99.08777642
Sipahutar III,"DS001-00000, DS002-00000, DS003-00000",Sipahutar III,120212,1202,5.40,1013,28,2023,2.10912136,99.08774504
Hutauruk,"DS001-00000, DS002-00000, DS003-00000",Hutauruk,120204,1202,3.00,3372,18,2023,2.06674847,98.94951060
Simanungkalit,"DS001-00000, DS002-00000, DS003-00000",Simanungkalit,120204,1202,15.93,2112,23,2023,2.06182375,98.93815642
Situmeang Habinsaran,"LK001-00000, LK002-00000, LK003-00000, LK004-00000, LK005-00000, LK006-00000",Situmeang Habinsaran,120204,1202,14.15,4305,27,2023,2.07628698,98.94376920
Hutagalung SW,"DS001-00000, DS002-00000, DS003-00000",Hutagalung Sw,120201,1202,5.61,1695,23,2023,2.02678451,98.95790208
Hutatoruan IX,"LK001-00000, LK002-00000, LK003-00000, LK004-00000",Hutatoruan IX,120201,1202,5.58,1217,28,2023,2.01755159,98.9606534
Hutatoruan V,"LK001-00000, LK002-00000, LK004-00000",Hutatoruan V,120201,1202,6.60,428,20,2023,2.013004255,98.96121559
Hutatoruan VI,"LK001-00000, LK002-00000",Hutatoruan VI,120201,1202,1.28,545,30,2023,2.025887673,98.95747389
Hutatoruan VII,"LK002-00000, LK003-00000",Hutatoruan VII,120201,1202,17.71,2094,24,2023,2.025134231,98.96890882
Hutatoruan X,"LK009-00000, LK010-00000",Hutatoruan X,120201,1202,4.92,942,30,2023,2.021175831,98.96528052
Hutatoruan XI,"LK001-00000, LK002-00000",Hutatoruan XI,120201,1202,5.84,505,22,2023,2.022322767,98.96493521
Hutauruk,"DS001-00000, DS002-00000",Hutauruk,120201,1202,3.29,397,20,2023,2.029925703,98.95787779
Partali Toruan,"LK003-00000, LK004-00000, LK005-00000",Partali Toruan,120201,1202,9.92,1012,19,2023,2.025296601,98.97689341
Simamora,"DS001-00000, DS002-00000, DS003-00000",Simamora,120201,1202,19.15,1766,22,2023,2.028545661,98.95932623
Siraja Oloan,DS001-00000,Siraja Oloan,120201,1202,2.39,101,24,2023,2.032385869,98.95943252
Sosunggulon,"DS001-00000, DS002-00000, DS003-00000",Sosunggulon,120201,1202,7.70,1181,29,2023,2.01876076,98.98692902
,,,,,,,,,,
19. LANGKAT,,,,,,,,,,
Serang Jaya A,Dusun 1,Serang Jaya,120523,1205,3.94,703,56,2022,4.19896110,98.14837780
Serang Jaya B,Dusun 4,Serang Jaya,120523,1205,4.71,452,60,2022,4.22268330,98.12715280
Serang Jaya C,Dusun 5,Serang Jaya,120523,1205,8.63,787,60,2022,4.23391390,98.11111670
Serang Jaya Hilir A,"Dusun 1, 2, 3",Serang Jaya Hilir,120523,1205,9.97,1813,60,2022,4.25141110,98.20750280
Serang Jaya Hilir B,Dusun 4,Serang Jaya Hilir,120523,1205,4.72,406,44,2022,4.19896110,98.20322780
Beras Basah,"Lingkungan 8, 9, 10, 11",Beras Basah,120515,1205,3.32,2574,52,2022,4.11165830,98.22368330
Perlis A,"Dusun 1, 2, 3, 4, 5, 6, 7, 8",Perlis,120518,1205,13.33,4160,62,2022,4.03537780,98.28861390
Perlis B,"Dusun 6, 9",Perlis,120518,1205,1.93,470,62,2022,4.04148060,98.28083330
Kelantan,"Dusun 1, 2, 3",Kelantan,120518,1205,3.64,1551,63,2022,4.03066390,98.28590000
Sei Bilah A,"Lingkungan 2, 5, 7",Sei Bilah,120517,1205,14.79,6913,46,2022,4.02692500,98.29043610
Sei Bilah B,"Lingkungan 1, 3, 4, 6",Sei Bilah,120517,1205,14.11,4851,46,2022,4.02692500,98.29043610
Sei Bilah Timur A,"Lingkungan 1, 2",Sei Bilah Timur,120517,1205,1.78,2804,31,2022,4.02286110,98.29171390
Sei Bilah Timur B,"Lingkungan  3, 4",Sei Bilah Timur,120517,1205,2.16,1849,31,2022,4.02415830,98.29995000
Teluk Meku,Dusun 7,Teluk Meku,120514,1205,2.66,1578,60,2022,4.05617780,98.35538610
Kwala Gebang A,"Dusun 1, 3",Kwala Gebang,120513,1205,3.84,787,64,2022,4.03845280,98.43497220
Kwala Gebang B,Dusun 2,Kwala Gebang,120513,1205,2.97,327,66,2022,4.03600000,98.44240280
Tapak Kuda,"Dusun 1, 2, 3, 4, 5 ",Tapak Kuda,120511,1205,7.47,2033,48,2022,3.98761110,98.51609170
Bubun A,Dusun 7,Bubun,120511,1205,6.79,354,64,2022,4.00367780,98.49599440
Bubun B,Dusun 3,Bubun,120511,1205,2.72,465,62,2022,3.99154440,98.49849440
Muka Paya A,"Dusun 6, 7",Muka Paya,120510,1205,3.07,1155,39,2022,3.86027780,98.46452780
Muka Paya B,Dusun 5,Muka Paya,120510,1205,3.41,183,39,2022,3.88888890,98.46208330
Selotong,"Dusun 3, 5, 6",Selotong,120509,1205,8.55,1336,54,2022,3.86876110,98.56034440
Jaring Halus,"Dusun 1, 2, 3, 4, 5 ",Jaring Halus,120509,1205,16.6,3874,60,2022,3.94719440,98.56780560
Kwala Besar,"Dusun 1, 2, 3, 4",Kwala Besar,120509,1205,2.8,1666,76,2022,3.90761670,98.66189720
Sawit Seberang,Lingkungan 1,Sawit Seberang,120520,1205,1.16,1038,29,2022,3.80031670,98.28451940
Mekar Sawit,Dusun 6,Mekar Sawit,120520,1205,1.01,682,25,2022,3.80141670,98.24847220
Pantai Gemi,Dusun 1,Pantai Gemi,120507,1205,2.66,2367,20,2022,3.75788890,98.44638330
Selayang,"Dusun 5, 8",Selayang,120506,1205,1.81,945,34,2022,3.62630560,98.40510000
,,,,,,,,,,
20. LABUHAN BATU,,,,,,,,,,
Aek Paing Bawah,Aek Paing Bawah 2,Aek Paing,121001,1210,11.28,1559,24,2022,2.128431,99.806266
Gajah Mada,Gajah Mada,Bina Raga,121001,1210,5.70,582,19,2022,2.093794,99.824291
Sei Tawar,Sei Tawar,Bina Raga,121001,1210,9.50,1094,16,2022,2.091961,99.82382
Bina raga,Bina raga,Cendana,121001,1210,3.66,1108,18,2022,2.096316,99.82492
Bogor,Bogor,Cendana,121001,1210,9.96,1074,31,2022,2.096997,99.823073
Ahmad Yani,Ahmad Yani I,Kartini,121001,1210,8,513,17,2022,2.099413,99.83334
Bangsal,Bangsal,Padang Matinggi,121001,1210,4.2,603,19,2022,2.114185,99.819087
Pangkalian,Pangkalian,Pulo Padang,121001,1210,3,506,19,2022,2.123734,99.867397
Kampung Tali,Kampung Tali,Siringo-ringo,121001,1210,2.8,399,18,2022,2.0954,99.795545
Pemancar,Pemancar,Siringo-ringo,121001,1210,5,1103,22,2022,2.102113,99.816093
Aek Matio,Aek Matio,Sirandorung,121001,1210,9,1965,16,2022,2.086092,99.824864
Al-Huda,A1-Huda,Sirandorung,121001,1210,4.37,1363,21,2022,2.085782,99.827661
Talak Simin,Talak Simin,Sirandorung,121001,1210,7.35,675,23,2022,2.07803,99.823324
Kampung Sawah,Kampung Sawah,Padang Bulan,121001,1210,6,1021,20,2022,2.083794,99.832027
Kampung Tempel,Kampung Tempel,Rantauprapat,121001,1210,5.88,790,33,2022,2.103946,99.826411
Paindoan,Paindoan,Rantauprapat,121001,1210,9,774,31,2022,2.104399,99.827873
Pekan Lama,Pekan Lama,Rantauprapat,121001,1210,6,641,35,2022,2.102336,99.830128
Pensiunan,Pensiunan,Rantauprapat,121001,1210,8,824,31,2022,2.105974,99.82271
Sidorejo,Sidorejo,Sidorejo,121002,1210,11.7,873,17,2022,2.034012,99.875464
Padat Karya,Padat Karya,Ujung Bandar,121002,1210,7,400,19,2022,2.067153,99.851048
Sepakat,Sepakat,Perdamean,121002,1210,22,1073,19,2022,2.056318,99.867152
Suka Dame,Suka Dame,Urung Kompas,121002,1210,8,1202,16,2022,2.092848,99.87196
Purwodadi B,Purwodadi B,Bakaran Batu,121002,1210,11.62,532,16,2022,2.084938,99.855261
Danau Balai Al,Danau Balai Al,Danau Balai,121002,1210,11.21,521,17,2022,2.061322,99.878072
Danau Balai A2,Danau Balai A2,Danau Ba1ai,121002,1210,13.12,402,17,2022,2.0566,99.877644
Danau Balai B,Danau Balai B,Danau Balai,121002,1210,17,568,21,2022,2.069494,99.874767
Danau Balai C,Danau Balai C,Danau Balai,121002,1210,18.79,463,23,2022,2.073869,99.878375
Kampung Baru,Kampung Baru,Danau Balai,121002,1210,12.89,375,20,2022,2.075667,99.879556
Rukun,Rukun,Lobusona,121002,1210,4.86,380,25,2022,2.063392,99.854622
Perdamean,Perdamean,Lobusona,121002,1210,5.55,370,24,2022,2.060693,99.854531
Kampung Sawah 1,Kampung Sawah 1,Sigambal,121002,1210,12.8,1472,17,2022,2.044777,99.870457
Kampung Sawah 2,Kampung Sawah 2,Sigambal,121002,1210,6.9,492,16,2022,2.043722,99.871813
Bakaran Batu,Bakaran Batu,Sioldengan,121002,1210,8.9,899,23,2022,2.098182,99.845228
Sibuaya,Sibuaya,Sioldengan,121002,1210,8.72,757,27,2022,2.103506,99.845893
Khairil Anwar,Khairil Anwar,Sioldengan,121002,1210,9.1,496,36,2022,2.094582,99.845485
Sidorejo,Sidorejo,Sidorejo,121002,1210,5.94,873,17,2022,2.035276,99.873089
,,,,,,,,,,
21. KARO,,,,,,,,,,
Mela Melket 1,LK001-00000,Kampung Dalam,120601,1206,1.89,602,38,2023,3.106057,98.490197
Mela Melket 2,LK002-00000,Kampung Dalam,120601,1206,2.62,772,34,2023,3.104356,98.490632
Mela Melket 3,LK003-00000,Kampung Dalam,120601,1206,4.00,592,34,2023,3.10531,98.491065
Mela Melket 4,LK004-00000,Kampung Dalam,120601,1206,2.25,679,34,2023,3.106087,98.493151
Mela Melket 5,LK006-00000,Kampung Dalam,120601,1206,6.31,699,34,2023,3.107329,98.495458
Mela Melket 6,LK007-00000,Kampung Dalam,120601,1206,3.80,1050,34,2023,3.105401,98.497449
Mela Melket 7,LK010-00000,Kampung Dalam,120601,1206,3.32,489,34,2023,3.109894,98.501453
Mela Melket 8,LK003-00000,Lau Cimba,120601,1206,1.61,719,24,2023,3.097633,98.483755
Mela Melket 9,LK005-00000,Lau Cimba,120601,1206,1.41,612,22,2023,3.093282,98.479235
Mela Melket 10,LK007-00000,Lau Cimba,120601,1206,4.90,681,20,2023,3.09393,98.478998
Mela Melket 11,LK009-00000,Lau Cimba,120601,1206,11.11,879,22,2023,3.090851,98.473806
Mela Melket 12,LK010-00000,Lau Cimba,120601,1206,4.88,793,22,2023,3.098868,98.481483
Mela Melket 13,LK001-00000,Gung Negri,120601,1206,2.17,971,34,2023,3.099782,98.497075
Mela Melket 14,LK002-00000,Gung Negri,120601,1206,4.81,943,34,2023,3.099875,98.497007
Mela Melket 15,LK003-00000,Gung Negri,120601,1206,4.60,1442,27,2023,3.100103,98.497952
Mela Melket 16,LK004-00000,Gung Negri,120601,1206,5.75,1211,20,2023,3.100068,98.498002
Mela Melket 17,LK005-00000,Gung Negri,120601,1206,4.06,1450,30,2023,3.099013,98.504445
Mela Melket 18,LK006-00000,Gung Negri,120601,1206,9.40,1444,29,2023,3.099013,98.504445
Mela Melket 19,LK007-00000,Gung Negri,120601,1206,6.32,1859,29,2023,3.10521,98.502686
Mela Melket 20,LK008-00000,Gung Negri,120601,1206,1.15,1109,29,2023,3.10521,98.502724
Mela Melket 21,LK001-00000,Padang Mas,120601,1206,1.55,529,28,2023,3.099526,98.488165
Mela Melket 22,LK002-00000,Padang Mas,120601,1206,2.26,578,25,2023,3.099243,98.48537
Mela Melket 23,LK003-00000,Padang Mas,120601,1206,3.44,1001,24,2023,3.096015,98.487888
Mela Melket 24,LK005-00000,Padang Mas,120601,1206,4.44,986,23,2023,3.096493,98.486923
Mela Melket 25,LK006-00000,Padang Mas,120601,1206,3.51,1456,26,2023,3.09412,98.484769
Mela Melket 26,LK007-00000,Padang Mas,120601,1206,1.46,598,25,2023,3.095152,98.486615
Mela Melket 27,LK008-00000,Padang Mas,120601,1206,3.79,901,29,2023,3.095954,98.489813
Mela Melket 28,LK010-00000,Padang Mas,120601,1206,2.20,930,27,2023,3.090231,98.491526
Mela Melket 29,DS001-00000,Samura,120601,1206,0.36,571,36,2023,3.094777,98.518925
Permukiman Asri 1,DS009-00000,SumberMufakat,120601,1206,0.57,402,21,2023,3.117874,98.525676
Permukiman Asri 2,DS003-00000,Kaban,120601,1206,2.17,230,34,2023,3.136132,98.500779
Permukiman Asri 3,DS005-00000,Kaban,120601,1206,0.34,295,30,2023,3.139603,98.497046
Permukiman Asri 4,LK001-00000,Tigabinanga,120608,1206,2.05,760,49,2023,3.068392,98.251178
Permukiman Asri 5,LK002-00000,Tigabinanga,120608,1206,8.70,1308,49,2023,3.069947,98.250742
Permukiman Asri 6,LK003-00000,Tigabinanga,120608,1206,7.59,1208,46,2023,3.073617,98.252158
Permukiman Asri 7,LK004-00000,Tigabinanga,120608,1206,3.45,820,51,2023,3.072406,98.250283
Permukiman Asri 8,LK006-00000,Tigabinanga,120608,1206,1.72,288,47,2023,3.067364,98.264514
Permukiman Asri 9,LK007-00000,Tigabinanga,120608,1206,10.79,2232,46,2023,3.072086,98.245031
Permukiman Asri 10,LK008-00000,Tigabinanga,120608,1206,2.59,448,46,2023,3.074161,98.246361
Permukiman Asri 11,LK09-00000,Tigabinanga,120608,1206,3.91,988,49,2023,3.073519,98.247986
Permukiman Asri 12,DS001-00000,Tigapanah,120604,1206,6.78,768,37,2023,3.43638,98.312675
Permukiman Asri 13,DS002-00000,Tigapanah,120604,1206,6.03,464,38,2023,3.43444,98.313209
Permukiman Asri 14,DS003-00000,Tigapanah,120604,1206,3.17,920,37,2023,3.43783,98.313381
Permukiman Asri 15,DS004-00000,Tigapanah,120604,1206,7.70,1112,40,2023,3.44017,98.313037
Permukiman Tradisional & Wisata 1,DS002-00000,Kandibata,120601,1206,2.72,525,30,2023,3.085937,98.431214
Permukiman Tradisional & Wisata 2,DS005-00000,Kandibata,120601,1206,1.43,546,28,2023,3.099582,98.408891
Kota Agrowisata 1,LK001-00000,Gundaling II,120602,1206,4.72,714,24,2023,3.183733,98.50338
Kota Agrowisata 2,LK002-00000,Gundaling II,120602,1206,2.41,714,24,2023,3.183733,98.50338
Kota Agrowisata 3,LK003-00000,Gundaling II,120602,1206,1.81,540,23,2023,3.18713,98.507169
Kota Agrowisata 4,LK007-00000,Gundaling II,120602,1206,0.68,679,25,2023,3.189669,98.507554
Kota Agrowisata 5,DS003-00000,Sempajaya,120602,1206,0.86,865,25,2023,3.201814,98.522953
Kota Agrowisata 6,DS005-00000,Sempajaya,120602,1206,1.63,960,22,2023,3.1945,98.515063
Kota Agrowisata 7,DS006-00000,Sempajaya,120602,1206,0.43,404,33,2023,3.201021,98.51606
Kota Agrowisata 8,DS007-00000,Sempajaya,120602,1206,2.05,1101,27,2023,3.203065,98.509351
Kota Agrowisata 9,DS008-00000,Sempajaya,120602,1206,0.94,477,27,2023,3.199166,98.509096
Kota Agrowisata 10,DS009-00000,Sempajaya,120602,1206,1.02,407,29,2023,3.207434,98.512415
Kota Agrowisata 11,DS001-00000,Lau Gumba,120602,1206,1.41,368,19,2023,3.201561,98.511292
Kota Agrowisata 12,DS003-00000,Lau Gumba,120602,1206,1.13,305,25,2023,3.200477,98.511929
Kota Agrowisata 13,DS004-00000,Lau Gumba,120602,1206,0.33,594,16,2023,3.202866,98.509892
Kota Agrowisata 14,LK005-00000,Tambak Lau Mulgap II,120602,1206,1.42,564,21,2023,3.112035,98.304254
Kota Agrowisata 15,DS001-00000,RumahBerastagi,120602,1206,2.81,955,27,2023,3.179501,98.512666
Kota Agrowisata 16,DS003-00000,RumahBerastagi,120602,1206,3.98,1105,32,2023,3.17783,98.509104
Kota Agrowisata 17,DS004-00000,RumahBerastagi,120602,1206,1.20,1094,34,2023,3.176009,98.509577
Kota Agrowisata 18,DS005-00000,RumahBerastagi,120602,1206,0.47,934,34,2023,3.172474,98.510242
Kota Agrowisata 19,DS007-00000,RumahBerastagi,120602,1206,1.91,545,25,2023,3.177634,98.512763
Kota Agrowisata 20,DS008-00000,RumahBerastagi,120602,1206,3.66,1286,30,2023,3.173932,98.514258
Permukiman Asri 1,DS001-00000,Raya,120602,1206,3.02,599,22,2023,3.154268,98.516648
Permukiman Asri 2,DS002-00000,Raya,120602,1206,1.85,622,24,2023,3.155553,98.51064
Permukiman Asri 3,DS006-00000,Raya,120602,1206,0.56,149,27,2023,3.154825,98.506477
KSPN 1,DS001-00000,Merek,120605,1206,2.45,520,28,2023,2.565143,98.312433
KSPN 2,DS002-00000,Merek,120605,1206,7.43,1050,34,2023,2.564038,98.312469
KSPN 3,DS03-00000,Merek,120605,1206,0.46,672,28,2023,2.564609,98.312028
,,,,,,,,,,
22. MEDAN,,,,,,,,,,
Harjosari I,LK009-00000,Harjosari I,127109,1271,8.74,687,19,2022,3.541233,98.707097
Situs Kota Cina 1,LK006-00000,Paya Pasir,127112,1271,1.93,645,27,2022,3.724586,98.657283
Situs Kota Cina 2,LK007-00000,Paya Pasir,127112,1271,2.89,1299,28,2022,3.722922,98.655997
Situs Kota Cina 3,LK008-00000,Paya Pasir,127112,1271,5.52,2445,17,2022,3.718547,98.655989
Situs Kota Cina 4,LK009-00000,Paya Pasir,127112,1271,7.76,1321,19,2022,3.715697,98.655608
Rengas Pulau 1,LK001-00000,Rengas Pulau,127112,1271,6.66,751,19,2022,3.717089,98.676668
Rengas Pulau 2,LK024-00000,Rengas Pulau,127112,1271,7.46,2839,20,2022,3.698653,98.664297
Rengas Pulau 3,LK031-00000,Rengas Pulau,127112,1271,4.28,1658,16,2022,3.708853,98.673144
Rengas Pulau 4,LK033-00000,Rengas Pulau,127112,1271,1.60,1035,21,2022,3.714439,98.669342
Tikun 1,LK002-00000,Titi Kuning,127111,1271,6.75,2606,19,2022,3.544817,98.684389
Tikun 2,LK011-00000,Titi Kuning,127111,1271,6.03,2632,19,2022,3.533128,98.684311
Tikun 3,LK015-00000,Titi Kuning,127111,1271,7.40,1688,23,2022,3.528444,98.684431
Kedai Durian 1,LK002-00000,Kedai Durian,127111,1271,1.81,2161,21,2022,3.521628,98.689983
Kedai Durian 2,LK004-00000,Kedai Durian,127111,1271,4.78,4505,17,2022,3.522544,98.687772
Kedai Durian 3,LK005-00000,Kedai Durian,127111,1271,7.04,1428,22,2022,3.519083,98.6849
Mabar,LK011-00000,Mabar,127106,1271,3.17,2101,17,2022,3.653878,98.675975
TJ Mulia Hilir 1,LK006-00000,Tanjung Mulia Hilir,127106,1271,2.98,1489,22,2022,3.648836,98.667433
TJ Mulia Hilir 2,LK015-00000,Tanjung Mulia Hilir,127106,1271,2.20,1454,26,2022,3.643778,98.675264
TJ Mulia Hilir 3,LK018-00000,Tanjung Mulia Hilir,127106,1271,3.08,1264,16,2022,3.647044,98.680586
TJ Mulia Hilir 4,LK019-00000,Tanjung Mulia Hilir,127106,1271,5.18,1635,17,2022,3.64385,98.682803
TJ Mulia Hilir 5,LK022-00000,Tanjung Mulia Hilir,127106,1271,4.70,1300,17,2022,3.646397,98.675225
Ti Gusta,LK002-00000,Tanjung Gusta,127103,1271,14.12,5413,22,2022,3.614589,98.602064
Sunggal 1,LK009-00000,Sunggal,127102,1271,4.48,1665,17,2022,3.569028,98.622208
Sunggal 2,LK011-00000,Sunggal,127102,1271,3.59,2059,24,2022,3.57408,98.610311
Lalang 1,LK001-00000,Lalang,127102,1271,1.60,903,24,2022,3.600269,98.607847
Lalang 2,LK005-00000,Lalang,127102,1271,3.04,216,17,2022,3.594742,98.608469
Mangrove 1,LK002-00000,Belawan Bahagia,127108,1271,6.79,377,21,2022,3.768236,98.677697
Mangrove 2,LK003-00000,Belawan Bahagia,127108,1271,1.33,760,21,2022,3.766544,98.682072
Mangrove 3,LK004-00000,Belawan Bahagia,127108,1271,1.27,402,41,2022,3.765942,98.681672
Mangrove 4,LK005-00000,Belawan Bahagia,127108,1271,1.19,432,24,2022,3.766056,98.681286
Mangrove 5,LK006-00000,Belawan Bahagia,127108,1271,1.07,306,29,2022,3.765997,98.680742
Mangrove 6,LK007-00000,Belawan Bahagia,127108,1271,2.20,292,35,2022,3.766155,98.680069
Mangrove 7,LK010-00000,Belawan Bahagia,127108,1271,1.38,526,31,2022,3.7665,98.679056
Mangrove 8,LK011- 00000,Belawan Bahagia,127108,1271,1.75,312,25,2022,3.766714,98.678325
Mangrove 9,LK017-00000,Belawan Bahagia,127108,1271,2.15,735,22,2022,3.767806,98.676567
Mangrove 10,LK012-00000,Belawan I,127108,1271,0.88,2144,44,2022,3.787611,98.684725
Mangrove 11,LK014-00000,Belawan I,127108,1271,1.03,414,23,2022,3.7747,98.680539
Mangrove 12,LK015-00000,Belawan I,127108,1271,1.02,75,24,2022,3.774325,98.680253
Mangrove 13,LK029-00000,Belawan I,127108,1271,3.59,1620,22,2022,3.770681,98.676964
Mangrove 14,LK030-00000,Belawan I,127108,1271,1.35,1027,21,2022,3.770139,98.677514
Belawan II 1,LK003-00000,Belawan II,127108,1271,6.78,609,26,2022,3.77649,98.68239
Belawan II 2,LK022-00000,Belawan II,127108,1271,1.64,291,21,2022,3.774728,98.683045
Belawan II 3,LK023-00000,Belawan II,127108,1271,1.57,448,33,2022,3.774362,98.682982
Belawan II 4,LK027-00000,Belawan II,127108,1271,0.88,272,21,2022,3.771899,98.682218
Belawan II 5,LK028-00000,Belawan II,127108,1271,1.33,315,23,2022,3.781361,98.68388
Belawan II 6,LK029-00000,Belawan II,127108,1271,4.55,650,33,2022,3.772806,98.684225
Belawan II 7,LK030-00000,Belawan II,127108,1271,3.48,777,31,2022,3.77364,98.684653
Belawan II 8,LK031-00000,Belawan II,127108,1271,3.25,329,33,2022,3.774796,98.684966
Belawan II 9,LK032-00000,Belawan II,127108,1271,3.46,678,28,2022,3.77721,98.686019
Belawan II 10,LK033-00000,Belawan Il,127108,1271,2.21,584,40,2022,3.777564,98.685888
Belawan II 11,LK038-00000,Belawan Il,127108,1271,1.85,801,33,2022,3.781411,98.683602
Belawan II 12,LK040-00000,Belawan II,127108,1271,1.60,98,30,2022,3.782389,98.686477
Bagan Deli 1,LK002-00000,Bagan Deli,127108,1271,3.33,749,18,2022,3.786842,98.704158
Bagan Deli 2,LK005- 00000,Bagan Deli,127108,1271,1.91,1811,29,2022,3.772336,98.703283
Bagan Deli 3,LK006- 00000,Bagan Deli,127108,1271,2.26,857,22,2022,3.773461,98.703303
Bagan Deli 4,LK015-00000,Bagan Deli,127108,1271,4.65,1458,29,2022,3.773461,98.701778
Mangrove 1,LK004-00000,Belawan Bahari,127108,1271,3.59,844,26,2022,3.758028,98.676094
Mangrove 2,LK005-00000,Belawan Bahari,127108,1271,8.02,816,16,2022,3.758517,98.676461
Mangrove 3,LK006-00000,Belawan Bahari,127108,1271,1.54,637,21,2022,3.756656,98.678297
Mangrove 4,LK017-00000,Belawan Pulau Sicanang,127108,1271,10.98,729,19,2022,3.754961,98.654415
Martubung 1,LK001-00000,Martubung,127113,1271,2.38,2012,23,2022,3.703956,98.679964
Martubung 2,LK003-00000,Martubung,127113,1271,11.02,1445,22,2022,3.7086,98.685622
Martubung 3,LK004-00000,Martubung,127113,1271,4.90,2650,26,2022,3.715703,98.680947
Martubung 4,LK005-00000,Martubung,127113,1271,7.71,2252,16,2022,3.710992,98.687119
Martubung 5,LK006-00000,Martubung,127113,1271,2.53,4580,17,2022,3.720928,98.681883
Martubung 6,LK007-00000,Martubung,127113,1271,4.99,2972,30,2022,3.720622,98.677308
Sei Mati 1,LK007-00000,Sei mati,127113,1271,5.53,702,29,2022,3.722122,98.688153
Sei Mati 2,LK010-00000,Sei mati,127113,1271,4.56,1038,26,2022,3.72313,98.688686
Sei Mati 3,LK011-00000,Sei mati,127113,1271,3.02,765,27,2022,3.723947,98.686636
Sei Mati 4,LK012-00000,Sei mati,127113,1271,1.49,786,29,2022,3.724467,98.686908
Sei Mati 5,LK-014-00000,Sei mati,127113,1271,0.96,776,24,2022,3.725658,98.685239
Sei Mati 6,LK015-00000,Sei mati,127113,1271,2.73,849,27,2022,3.6825,98.696631
Tangkahan 1,LK002-00000,Tangkahan,127113,1271,6.41,675,18,2022,3.682772,98.690547
Tangkahan 2,LK006-00000,Tangkahan,127113,1271,13.49,2709,16,2022,3.6875,98.6925
Tangkahan 3,LK007-00000,Tangkahan,127113,1271,4.64,1066,25,2022,3.755594,98.697731
Kampung Nelayan 1,LK001-00000,Nelayan Indah,127113,1271,4.45,1241,24,2022,3.753319,98.697308
Kampung Nelayan 2,LK002-00000,Nelayan Indah,127113,1271,4.77,1576,22,2022,3.754853,98.696789
Kampung Nelayan 3,LK003-00000,Nelayan Indah,127113,1271,3.08,888,22,2022,3.75555,98.700278
Kampung Nelayan 4,LK004-00000,Nelayan Indah,127113,1271,3.71,1090,22,2022,3.752078,98.699461
Kampung Nelayan 5,LK005-00000,Nelayan Indah,127113,1271,4.80,1271,28,2022,3.755214,98.699986
Kampung Nelayan 6,LK007-00000,Nelayan Indah,127113,1271,2.95,1271,23,2022,3.740014,98.677653
Kampung Nelayan 7,LK008-00000,Nelayan Indah,127113,1271,4.81,1196,25,2022,3.731908,98.674992
Kota Tua 1,LK006-00000,Pekan Labuhan,127113,1271,0.91,371,34,2022,3.733714,98.674672
Kota Tua 2,LK009-00000,Pekan Labuhan,127113,1271,2.90,550,25,2022,3.738064,98.6747
Kota Tua 3,LK010-00000,Pekan Labuhan,127113,1271,3.11,646,20,2022,3.737733,98.674875
Kota Tua 4,LK012-00000,Pekan Labuhan,127113,1271,2.89,647,27,2022,3.738467,98.676783
Kota Tua 5,LK014-00000,Pekan Labuhan,127113,1271,2.32,290,31,2022,3.739759,98.676578
Kota Tua 6,LK015-00000,Pekan Labuhan,127113,1271,1.49,376,28,2022,3.730583,98.674678
Kota Tua 7,LK031-00000,Pekan Labuhan,127113,1271,1.56,426,26,2022,3.623186,98.668228
Pulo Brayan Kota 1,LK002-00000,Pulo Brayan Kota,127105,1271,1.00,716,23,2022,3.625542,98.667086
Pulo Brayan Kota 2,LK004-00000,Pulo Brayan Kota,127105,1271,1.61,301,19,2022,3.626247,98.665983
Pulo Brayan Kota 3,LK006-00000,Pulo Brayan Kota,127105,1271,1.03,554,20,2022,3.629236,98.667567
Pulo Brayan Kota 4,LK009-00000,Pulo Brayan Kota,127105,1271,0.42,973,20,2022,3.627719,98.670361
Pulo Brayan Kota 5,LK016-00000,Pulo Brayan Kota,127105,1271,1.25,102,21,2022,3.563414,98.721264
Menteng 1,LK003-00000,Medan Tenggara,127104,1271,0.65,2441,23,2022,3.560489,98.719092
Menteng 2,LK007- 00000,Medan Tenggara,127104,1271,1.30,1683,23,2022,3.570803,98.727019
Menteng 3,LK009-00000,Medan Tenggara,127104,1271,4.54,1877,19,2022,3.575139,98.724517
Denai 1,LK003-00000,Denai,127104,1271,2.74,1254,19,2022,3.578889,98.728875
Denai 2,LK006-00000,Denai,127104,1271,2.40,2240,20,2022,3.580742,98.72075
Denai 3,LK008-00000,Denai,127104,1271,0.50,1014,23,2022,3.574167,98.732486
Binjai 1,LK012-00000,Binjai,127104,1271,11.78,2103,20,2022,3.574114,98.71725
Binjai 2,LK013-00000,Binjai,127104,1271,4.10,1940,18,2022,3.574539,98.721631
Binjai 3,LK014-00000,Binjai,127104,1271,2.03,1683,20,2022,3.552999,98.712394
Binjai 4,LK019-00000,Binjai,127104,1271,3.34,1128,20,2022,3.578039,98.723594
Binjai 5,LK020-00000,Binjai,127104,1271,3.76,1856,23,2022,3.586461,98.701536
Timur 1,LK005-00000,Tegal Sari Mandala II,127104,1271,7.00,1404,25,2022,3.5858,98.715192
Timur 2,LK006-00000,Tegal Sari Mandala II,127104,1271,4.62,1982,36,2022,3.585011,98.715236
Timur 3,LK007-00000,Tegal Sari Mandala II,127104,1271,4.33,1357,20,2022,3.583661,98.731172
Timur 4,LK008-00000,Tegal Sari Mandala II,127104,1271,4.73,1176,27,2022,3.583128,98.718556
Timur 5,LK009-00000,Tegal Sari Mandala II,127104,1271,2.91,2068,19,2022,3.579897,98.710383
Timur 6,LK015-00000,Tegal Sari Mandala II,127104,1271,6.14,4954,19,2022,3.579803,98.70912
Timur 7,LK004-00000,Tegal Sari Mandala III,127104,1271,2.08,2575,31,2022,3.579017,98.708453
Timur 8,LK005-00000,Tegal Sari Mandala III,127104,1271,4.27,3098,23,2022,3.576128,98.71275
Timur 9,LK006-00000,Tegal Sari Mandala III,127104,1271,1.33,2584,23,2022,3.580903,98.709228
Timur 10,LK007-00000,Tegal Sari Mandala III,127104,1271,3.23,1971,23,2022,3.577208,98.713875
Timur 11,LK008-00000,Tegal Sari Mandala III,127104,1271,1.34,2309,27,2022,3.577017,98.706642
Timur 12,LK010-00000,Tegal Sari Mandala III,127104,1271,2.23,1997,21,2022,3.588681,98.706725
Timur 13,LK012-00000,Tegal Sari Mandala III,127104,1271,0.71,2995,22,2022,3.588483,98.70745
Timur 14,LK001-00000,Tegal Sari Mandala I,127104,1271,0.37,580,29,2022,3.584564,98.708697
Timur 15,LK005- 00000,Tegal Sari Mandala I,127104,1271,0.96,971,25,2022,3.583856,98.709475
Timur 16,LK006-00000,Tegal Sari Mandala I,127104,1271,0.60,389,27,2022,3.582256,98.710703
Timur 17,LK008-00000,Tegal Sari Mandala I,127104,1271,1.43,973,29,2022,3.58613,98.706994
Timur 18,LK009-00000,Tegal Sari Mandala I,127104,1271,1.44,916,30,2022,3.583342,98.706528
Timur 19,LK010-00000,Tegal Sari Mandala I,127104,1271,1.62,1005,25,2022,3.582786,98.705139
Timur 20,LK001-00000,Tegal Sari Mandala I,127110,1271,0.11,720,24,2022,3.588406,98.706828
Timur 21,LK009-00000,Tegal Sari Mandala I,127110,1271,0.71,428,28,2022,3.576519,98.707528
Timur 22,LK010-00000,Tegal Sari Mandala I,127110,1271,0.82,1573,34,2022,3.558017,98.665336
Timur 23,LK012-00000,Tegal Sari Mandala I,127110,1271,0.20,1028,22,2022,3.556819,98.6649
Timur 24,LK006-00000,Tegal Sari Ill,127110,1271,4.00,1049,21,2022,3.557875,98.680744
Polonia 1,LK009-00000,Polonia,127116,1271,5.55,2637,19,2022,3.5813,98.681603
Polonia 2,LK010-00000,Polonia,127116,1271,3.90,661,18,2022,3.578839,98.666606
Polonia 3,LK013-00000,Polonia,127116,1271,2.56,934,16,2022,3.618192,98.702978
Heritage 1,LK003-00000,Aur,127115,1271,2.56,1340,21,2022,3.616539,98.70313
Heritage 2,LK004-00000,Aur,127115,1271,1.35,1236,23,2022,3.615009,98.704871
Sidorejo Hilir 1,LK008-00000,Sidorejo Hilir,127114,1271,11.49,1217,19,2022,3.614267,98.705181
Sidorejo Hilir 2,LK009-00000,Si.doreja Hilir,127114,1271,7.71,652,21,2022,3.613236,98.704322
Sidorejo Hilir 3,LK010-00000,Sidorejo Hilir,127114,1271,6.42,851,21,2022,3.612469,98.703306
Sidorejo Hilir 4,LK011-00000,Sidorejo Hilir,127114,1271,5.09,630,23,2022,3.614267,98.705181
Sidorejo Hilir 5,LK012-00000,Sidorejo Hilir,127114,1271,5.84,1309,20,2022,3.613236,98.704322
Sidorejo Hilir 6,LK013-00000,Sidorejo Hilir,127114,1271,5.53,675,23,2022,3.612469,98.704417
Sidorejo Hilir 7,LK014-00000,Sidorejo Hilir,127114,1271,4.19,683,26,2022,3.611608,98.703861
,,,,,,,,,,
23. SIMALUNGUN,,,,,,,,,,
Perkotaan Parapat 1,Dusun 6,Parapat,120816,1208,15.60,2256,18,2022,2.663983,98.940961
Perkotaan Parapat 2,Dusun 7,Parapat,120816,1208,2.20,196,18,2022,2.663983,98.940961
Sibaganding Huta I,Huta I,Sibaganding,120816,1208,1.00,168,50,2022,2.678852,98.934077
Sibaganding Huta II,Huta II,Sibaganding,120816,1208,1.90,260,46,2022,2.691985,98.920610
Tiga Raja Lingkung 2,Lingkungan 2,Tiga Raja,120816,1208,1.50,212,18,2022,2.663616,98.930424
Sipangan Bolon Dusun I,Dusun I,Sipangan Bolon,120816,1208,2.50,292,36,2022,2.635981,98.979882
Sirube-rube - Dusun I,Dusun I,Sirube-rube,120820,1208,3.50,440,32,2022,2.811379,98.817183
Sirube-rube - Dusun II,Dusun II,Sirube-rube,120820,1208,0.90,140,46,2022,2.815982,98.813482
Sirube-rube - Dusun IV,Dusun IV,Sirube-rube,120820,1208,2.60,312,39,2022,2.822239,98.809001
Parik Sabungan 1,Dusun I,Parik Sabungan,120820,1208,3.60,520,23,2022,2.830702,98.797699
Parik Sabungan 2,Dusun 11,Parik Sabungan,120820,1208,2.40,404,23,2022,2.830702,98.797699
Sibotuan - Dusun II,Dusun II,Sibotuan,120820,1208,5.50,1156,22,2022,2.849531,98.832806
Silabah Jaya - Dusun IV,Dusun 1 Kp. Kristen,Silabah Jaya,120820,1208,1.20,164,48,2022,2.875115,98.855017
Silabah Jaya - Dusun IV,Dusun IV Durian Tempel,Silabah Jaya,120820,1208,1.40,196,42,2022,2.863310,98.841306
Tiga Ras - Dusun Perbalohan,Dusun Perbalohan,Tiga Ras,120820,1208,1.00,120,42,2022,2.794576,98.794554
Tiga Ras - Sarageras,Dusun Sarageras,Tiga Ras,120820,1208,1.90,308,31,2022,2.802872,98.782821
Pematang Bandar Huta II,Pematang-Bandar Huta 11,Pematang Bandar,120821,1208,1.90,236,54,2022,3.116511,99.237916
Saitbuttu - Dusun I,Dusun I,Saitbuttu,120810,1208,1.80,244,28,2022,2.828215,98.856815
Saritmattin - Dusun I,Dusun 1,Sarimattin,120810,1208,2.50,296,33,2022,2.832579,98.857549
Simantin - Huta ll,Huta II,Simantin,120810,1208,4.20,364,29,2022,2.868404,98.883189
Pematang Tambun-Raya Dusun I,Dusun 1,Pematang Tambun Raya,120810,1208,0.90,128,35,2022,2.775367,98.817976
Tiga Runggu 1,Dusun IX,Tiga Runggu,120814,1208,1.10,184,41,2022,2.867195,98.717485
Tiga Runggu 2,Dusun X,Tiga Runggu,120814,1208,0.70,100,0,2022,2.881084,98.731374
Perkotaan Purbadolok 1,Dusun Pernatang I,Purba Dolok,120814,1208,0.60,140,20,2022,2.863084,98.216440
Perkotaan Purbadolok 2,Dusun Pematang 11,Purba Dolok,120814,1208,5.60,824,20,2022,2.863084,98.716440
Purba Sipinggan - Dusun Purba Hinalang,Dusun Purba Hinalang,Purba Sipinggan,120814,1208,2.00,384,24,2022,2.916052,98.640776
Hinalang II,Dusun l,Hinalang,120814,1208,3.00,712,34,2022,2.884775,98.634643
Hinalang ll,Dusun II,Hinalang,120814,1208,2.90,648,34,2022,2.884775,98.634643
Hinalang I,Dusun IV,Hinalang,120814,1208,4.90,700,28,2022,2.917924,98.626826
Dolok Marlawan - Dusun I,Dusun 1,Dolok Marlawan,120801,1208,1.50,232,27,2022,2.967906,99.109156
Dolok Marlawan - Dusun VI,Dusun VI,Dolok Marlawan,120801,1208,1.30,260,33,2022,2.974775,99.112990
Dolok Marlawan - Dusun VII,Dusun Vll,Dolok Marlawan,120801,1208,2.00,336,32,2022,2.982711,99.118253
Karang Bangun - Rambung Merah 1,Dusun I,Karang Bangun,120801,1208,4.50,908,28,2022,2.979682,99.096486
Karang Bangun - Rambung Merah 2,Dusun Ill,Karang Bangun,120801,1208,12.50,2144,28,2022,2.979682,99.096486
Karang Bangun - Rambung Merah 3,Dusun IV,Karang Bangun,120801,1208,5.50,940,28,2022,2.979682,99.096486
Karang Bangun - Rambung Merah 4,Dusun IV,Ram bung Merah,120801,1208,0.70,940,28,2022,2.979682,99.096486
Perkotaan Pantoan Maju,Dusun III,Pantoan Maju,120801,1208,10.00,1352,26,2022,2.95871,99.120995
Pematang Simalungun,Dusun VIII,Pematang Stmalungun,120801,1208,11.00,1976,19,2022,2.973583,99.093128
Rambung Merah - Dusun Vl,Dusun VI,Rambung Merah,120801,1208,4.80,112,43,2022,2.974209,99.08706
Dolok Marlawan - Sejahtera 1,Dusun IV,Dolok Marlawan,120801,1208,5.80,1148,18,2022,2.967953,99.109156
Dolok Marlawan - Sejahtera 2,Dusun I,Sejahtera,120801,1208,2.50,532,18,2022,2.97134,99.106821
Dolok Marlawan - Sejahtera 3,Dusun II,Sejahtera,120801,1208,4.90,896,18,2022,2.97134,99.106821
Dolok Marlawan - Sejahtera 4,Dusun III,Sejahtera,120801,1208,5.30,796,18,2022,2.97134,99.106821
Siantar Estate,Dusun Melati,Siantar Estate,120801,1208,12.20,1128,18,2022,2.96108,99.091697
Pematang Silampuyang  - III,Huta VI Sidodadi,Silampuyang,120801,1208,5.70,936,22,2022,2.901917,99.052327
Pematang Silampuyang - I,Dusun I,Pematang Silampuyang,120801,1208,2.20,320,23,2022,2.880937,99.036034
Pematang Silampuyang - I,Dusun III,Pematang Silampuyang,120801,1208,0.50,212,23,2022,2.880937,99.036034
Pematang Silampuyang - II,Dusun IV,Pematang Silampuyang,120801,1208,1.01,208,26,2022,2.882575,99.041282
Laras Dua - I,Huta II Sidomulyo,Laras Dua,120801,1208,1.00,164,26,2022,2.975877,99.131927
Laras Dua - II,Huta IV Janji Matogu,Laras Dua,120801,1208,1.4,208,24,2022,2.986118,99.139037
Dolok Hataran - Dusun IV,Dusun IV,Dolok Hataran,120801,1208,12.30,1184,22,2022,2.962637,99.149021
Dolok Hataran - Dusun V,Dusun V,Dolok Hataran,120801,1208,3.50,556,23,2022,2.954753,99.147731
Dolok Hataran - Dusun VI,Dusun VI,Dolok Hataran,120801,1208,3.50,440,16,2022,2.94869,99.149464
Marihat Baris - Dusun Ill,Dusun III,Marihat Baris,120801,1208,4.90,824,39,2022,2.957822,99.112461
Sitalasari - Nusa Harapan 1,Dusun V,Lestari indah,120801,1208,2.50,628,21,2022,2.975176,99.129045
Sitalasari - Nusa Harapan 2,Dusun IV,Sejahtera,120801,1208,9.90,1588,21,2022,2.975176,99.129045
Sitalasari - Nusa Harapan 3,Dusun VI,Nusa Harapan,120801,1208,11.70,2880,21,2022,2.975176,99.129045
Sitalasari - Nusa Harapan 4,Dusun Jambu,Sitalasari,120801,1208,3.60,980,21,2022,2.975176,99.129045
Sitalasari - Nusa Harapan 5,Dusun Kedondong,Sitalasari,120801,1208,8.60,1988,21,2022,2.975176,99.129045
Sitalasari - Nusa Harapan 6,Huta I Cinta Mulia,Laras Dua,120801,1208,1.00,272,21,2022,2.975176,99.129045
Sitalasari - Nusa Harapan 7,Dusun Siderejo,Sitalasari,120801,1208,8.10,1712,21,2022,2.975176,99.129045
Silau Manik,Dusun IV,Silau Manik,120801,1208,2.10,316,34,2022,2.91754,99.115705
Perkotaan Perdagangan 1,Lingkungan III,Perdagangan I,120823,1208,11.20,1184,20,2022,3.160891,99.328919
Perkotaan Perdagangan 2,Lingkungan IV,Perdagangan I,120823,1208,5.90,680,20,2022,3.160891,99.328919
Perdagangan I - Lingkungan V,Lingkungan V,Perdagangan I,120823,1208,2.50,236,44,2022,3.162952,99.336666
Perdagangan II - Huta III,Huta III,Perdagangan II,120823,1208,2.60,244,43,2022,3.168853,99.352718
Tiga Bolon - Huta 4,Huta 4,Tiga Bolon,120809,1208,1.60,212,40,2022,2.869988,98.980341
Perkotaan Sarimatondang,Lingkungan 8,Sari Matondang,120809,1208,15.90,2380,18,2022,2.861847,98.918148
Haranggaol I,Lingkungan 6 Haranggaol,Haranggaol,120815,1208,2.00,320,17,2022,2.877434,98.678902
Perkotaan Saribudolok 1,Dusun 23,Saribudolok,120825,1208,6.20,884,23,2022,2.938849,98.611664
Perkotaan Saribudolok 2,Dusun 5,Saribudolok,120825,1208,5.70,528,23,2022,2.938849,98.611664
Perkotaan Saribudolok 3,Dusun 8,Saribudolok,120825,1208,2.00,280,23,2022,2.938849,98.611664
Perkotaan Serbalawan,Dusun 1,Serba Lawan,120817,1208,16.30,1732,16,2022,3.123886,99.142001
Dolok Merangir I - Huta Gedai Batu,Huta Gedai Batu,Dolok Merangir I,120817,1208,4.20,520,29,2022,3.117184,99.116772
Bandar Selamat 1,Huta II,Bandar Selamat,120817,1208,6.80,812,28,2022,3.110946,99.149296
Bandar Selamat 2,Huta III,Bandar Selamat,120817,1208,5.30,528,28,2022,3.110946,99.149296
Bandar Masilam - Huta Sei Langgih,Huta Sei Langgih,Bandar Masilam,120824,1208,3.80,568,28,2022,3.228505,99.269073
Sinaksak - Lingkungan II,Lingkungan III,Sinaksak,120828,1208,1.50,308,34,2022,3.016634,99.084566
Sinaksak - Lingkungan X,Lingkungan X,Sinaksak,120828,1208,3.40,488,22,2022,3.021279,99.093316
Marihat Butar - Dusun III,Dusun III,Marihat Butar,120808,1208,6.00,664,42,2022,2.990381,99.318656
Marihat Butar - Dusun V,Dusun V,Marihat Butar,120808,1208,3.80,436,27,2022,2.984522,99.316317
Marihat Butar - Dusun VI,Dusun VI,Marihat Butar,120808,1208,3.50,412,30,2022,2.979847,99.317991
Sei Mangkei 1,Huta IV,Sei Mangkei,120808,1208,9.70,960,22,2022,3.145137,99.330949
Sei Mangkei 2,Huta V,Sei Mangkei,120808,1208,3.40,384,22,2022,3.145137,99.330949
Boluk - Dusun I,Dusun I,Boluk,120808,1208,3.50,508,47,2022,3.074207,99.343926